source,food_code,recommendation_status,recommendation_reason,last_verified_at,review_source_url,allergen_tags,allergen_profile_verified,allergen_data_source,allergen_confidence_level
MFDS_STANDARD_PROCESSED,P101-106000100-0129,RECOMMENDABLE,"",2026-06-30,http://www.haccp.or.kr/fresh/prdimg/1986/19860512022185/19860512022185-1.jpg,"우유,대두,밀",true,FOODQR,LABEL_DERIVED
MFDS_STANDARD_PROCESSED,P101-106000100-0125,RECOMMENDABLE,"",2026-06-30,http://www.haccp.or.kr/fresh/prdimg/2010/20100372386251/20100372386251-1.jpg,"우유,땅콩,대두,밀",true,FOODQR,LABEL_DERIVED
MFDS_STANDARD_PROCESSED,P101-106000100-0124,RECOMMENDABLE,"",2026-06-30,http://www.haccp.or.kr/fresh/prdimg/1986/198605120226/198605120226-1.jpg,"우유,대두,밀",true,FOODQR,LABEL_DERIVED
MFDS_STANDARD_PROCESSED,P101-107000100-1656,RECOMMENDABLE,"",2026-06-30,http://www.haccp.or.kr/fresh/prdimg/2010/20100372386251/20100372386251-1.jpg,"우유,땅콩,대두,밀",true,FOODQR,LABEL_DERIVED
MFDS_STANDARD_PROCESSED,P101-106000100-0127,RECOMMENDABLE,"",2026-06-30,http://www.haccp.or.kr/fresh/prdimg/1994/1994014402616/1994014402616-1.jpg,밀,true,FOODQR,LABEL_DERIVED
MFDS_STANDARD_PROCESSED,P101-106000100-0117,RECOMMENDABLE,"",2026-06-30,http://www.haccp.or.kr/fresh/prdimg/2001/2001054954177/2001054954177-1.jpg,밀,true,FOODQR,LABEL_DERIVED
MFDS_STANDARD_PROCESSED,P101-106000100-7136,RECOMMENDABLE,"",2026-06-30,http://www.haccp.or.kr/fresh/prdimg/2001/2001054954177/2001054954177-1.jpg,밀,true,FOODQR,LABEL_DERIVED
MFDS_STANDARD_PROCESSED,P109-500050200-0013,RECOMMENDABLE_WITH_CAUTION,당류 주의,2026-06-30,http://www.haccp.or.kr/fresh/prdimg/1985/1985044900166/1985044900166-1.jpg,"대두,밀",true,FOODQR,LABEL_DERIVED
MFDS_STANDARD_PROCESSED,P113-206020400-1022,RECOMMENDABLE_WITH_CAUTION,나트륨 주의,2026-06-30,http://www.haccp.or.kr/fresh/prdimg/1972/197202880023296/197202880023296-1.jpg,"대두,밀",true,FOODQR,LABEL_DERIVED
MFDS_STANDARD_PROCESSED,P113-206020400-0025,RECOMMENDABLE_WITH_CAUTION,나트륨 주의,2026-06-30,http://www.haccp.or.kr/fresh/prdimg/1972/197202880023296/197202880023296-1.jpg,"대두,밀",true,FOODQR,LABEL_DERIVED
MFDS_STANDARD_PROCESSED,P117-501050100-1783,RECOMMENDABLE,"",2026-06-30,http://www.haccp.or.kr/fresh/prdimg/2005/2005026205228/2005026205228-1.jpg,"대두,밀,쇠고기",true,FOODQR,LABEL_DERIVED
MFDS_STANDARD_PROCESSED,P117-501050100-1782,RECOMMENDABLE,"",2026-06-30,http://www.haccp.or.kr/fresh/prdimg/2005/2005026205229/2005026205229-1.jpg,"대두,밀,쇠고기",true,FOODQR,LABEL_DERIVED
MFDS_STANDARD_PROCESSED,P108-011000200-0017,RECOMMENDABLE,"",2026-06-30,http://www.haccp.or.kr/fresh/prdimg/1988/19880445009916/19880445009916-1.jpg,"난류,우유,대두,밀,새우,쇠고기",true,FOODQR,LABEL_DERIVED
MFDS_STANDARD_PROCESSED,P108-011000200-0472,RECOMMENDABLE,"",2026-06-30,http://www.haccp.or.kr/fresh/prdimg/1988/19880445009916/19880445009916-1.jpg,"난류,우유,대두,밀,새우,쇠고기",true,FOODQR,LABEL_DERIVED
MFDS_STANDARD_PROCESSED,P109-801080100-0093,RECOMMENDABLE_WITH_CAUTION,당류 주의,2026-06-30,http://www.haccp.or.kr/fresh/prdimg/1978/19780614001233/19780614001233-1.jpg,우유,true,FOODQR,LABEL_DERIVED
MFDS_STANDARD_PROCESSED,P101-403000400-0021,RECOMMENDABLE,"",2026-06-30,http://www.haccp.or.kr/fresh/prdimg/2017/20170080929184/20170080929184-1.png,"대두,밀,호두",true,FOODQR,LABEL_DERIVED
MFDS_STANDARD_PROCESSED,P101-106000100-7135,RECOMMENDABLE,"",2026-06-30,http://www.haccp.or.kr/fresh/prdimg/1976/19760342001134/19760342001134-1.jpg,"우유,대두,밀,돼지고기,쇠고기",true,FOODQR,LABEL_DERIVED
MFDS_STANDARD_PROCESSED,P101-106000100-0075,RECOMMENDABLE,"",2026-06-30,http://www.haccp.or.kr/fresh/prdimg/1976/19760342001134/19760342001134-1.jpg,"우유,대두,밀,돼지고기,쇠고기",true,FOODQR,LABEL_DERIVED
MFDS_STANDARD_PROCESSED,P101-106000100-6264,RECOMMENDABLE,"",2026-06-30,http://www.haccp.or.kr/fresh/prdimg/1976/19760342001134/19760342001134-1.jpg,"우유,대두,밀,돼지고기,쇠고기",true,FOODQR,LABEL_DERIVED
MFDS_STANDARD_PROCESSED,P101-104000100-2334,RECOMMENDABLE,"",2026-06-30,http://www.haccp.or.kr/fresh/prdimg/1976/19760342001134/19760342001134-1.jpg,"우유,대두,밀,돼지고기,쇠고기",true,FOODQR,LABEL_DERIVED
MFDS_STANDARD_PROCESSED,P109-303030300-0033,RECOMMENDABLE_WITH_CAUTION,당류 주의,2026-06-30,http://www.haccp.or.kr/fresh/prdimg/1996/19960458039413/19960458039413-1.jpg,복숭아,true,FOODQR,LABEL_DERIVED
MFDS_STANDARD_PROCESSED,P123-226020200-0077,RECOMMENDABLE,"",2026-06-30,http://www.haccp.or.kr/fresh/prdimg/2002/200204610734903/200204610734903-1.jpg,"난류,대두,밀,고등어",true,FOODQR,LABEL_DERIVED
MFDS_STANDARD_PROCESSED,P112-013001300-0005,RECOMMENDABLE,"",2026-06-30,http://www.haccp.or.kr/fresh/prdimg/1991/1991045804731/1991045804731-1.jpg,"대두,밀",true,FOODQR,LABEL_DERIVED
MFDS_STANDARD_PROCESSED,P109-303030300-0040,RECOMMENDABLE_WITH_CAUTION,당류 주의,2026-06-30,http://www.haccp.or.kr/fresh/prdimg/1996/19960458039418/19960458039418-1.jpg,토마토,true,FOODQR,LABEL_DERIVED
MFDS_STANDARD_PROCESSED,P109-303030300-0039,RECOMMENDABLE_WITH_CAUTION,당류 주의,2026-06-30,http://www.haccp.or.kr/fresh/prdimg/1996/19960458039411/19960458039411-1.jpg,토마토,true,FOODQR,LABEL_DERIVED
MFDS_STANDARD_PROCESSED,P108-003000400-0910,RECOMMENDABLE,"",2026-06-30,http://www.haccp.or.kr/fresh/prdimg/1971/1971048700242/1971048700242-1.jpg,"난류,우유,대두,밀,게,새우,쇠고기,오징어,조개류",true,FOODQR,LABEL_DERIVED
MFDS_STANDARD_PROCESSED,P101-103000400-0037,RECOMMENDABLE,"",2026-06-30,http://www.haccp.or.kr/fresh/prdimg/1995/19950464070187/19950464070187-1.jpg,"난류,우유,대두,밀",true,FOODQR,LABEL_DERIVED
MFDS_STANDARD_PROCESSED,P116-302030200-0017,RECOMMENDABLE,"",2026-06-30,http://www.haccp.or.kr/fresh/prdimg/2014/201403202875/201403202875-1.jpg,호두,true,FOODQR,LABEL_DERIVED
MFDS_STANDARD_PROCESSED,P123-302030100-0040,RECOMMENDABLE,"",2026-06-30,http://www.haccp.or.kr/fresh/prdimg/2010/2010046711738/2010046711738-1.jpg,"우유,대두,밀,돼지고기,닭고기,쇠고기,조개류",true,FOODQR,LABEL_DERIVED
MFDS_STANDARD_PROCESSED,P123-302030100-0039,RECOMMENDABLE_WITH_CAUTION,포화지방 주의,2026-06-30,http://www.haccp.or.kr/fresh/prdimg/2010/2010046711737/2010046711737-1.jpg,"난류,우유,메밀,대두,밀,돼지고기,닭고기,쇠고기,조개류",true,FOODQR,LABEL_DERIVED
MFDS_STANDARD_PROCESSED,P123-226020200-0062,RECOMMENDABLE,"",2026-06-30,http://www.haccp.or.kr/fresh/prdimg/2009/20090311271169/20090311271169-1.jpg,"난류,대두",true,FOODQR,LABEL_DERIVED
MFDS_STANDARD_PROCESSED,P117-800080000-0076,RECOMMENDABLE,"",2026-06-30,http://www.haccp.or.kr/fresh/prdimg/2011/2011026204213/2011026204213-1.jpg,"난류,우유,대두,밀,돼지고기,쇠고기",true,FOODQR,LABEL_DERIVED
MFDS_STANDARD_PROCESSED,P123-226020200-0079,RECOMMENDABLE,"",2026-06-30,http://www.haccp.or.kr/fresh/prdimg/2007/2007035526445/2007035526445-1.jpg,"난류,대두",true,FOODQR,LABEL_DERIVED
MFDS_STANDARD_PROCESSED,P116-708070200-0011,RECOMMENDABLE,"",2026-06-30,http://www.haccp.or.kr/fresh/prdimg/1983/19830190020305/19830190020305-1.jpg,밀,true,FOODQR,LABEL_DERIVED
MFDS_STANDARD_PROCESSED,P123-201020300-0185,RECOMMENDABLE,"",2026-06-30,http://www.haccp.or.kr/fresh/prdimg/1993/19930199349780/19930199349780-1.jpg,"난류,대두,밀,게,쇠고기",true,FOODQR,LABEL_DERIVED
MFDS_STANDARD_PROCESSED,P101-203000200-0059,RECOMMENDABLE,"",2026-06-30,http://www.haccp.or.kr/fresh/prdimg/1984/1984022100817/1984022100817-1.jpg,우유,true,FOODQR,LABEL_DERIVED
MFDS_STANDARD_PROCESSED,P116-200020100-0003,RECOMMENDABLE,"",2026-06-30,http://www.haccp.or.kr/fresh/prdimg/1983/19830190020240/19830190020240-1.jpg,밀,true,FOODQR,LABEL_DERIVED
MFDS_STANDARD_PROCESSED,P108-003000300-0002,RECOMMENDABLE_WITH_CAUTION,나트륨 주의,2026-06-30,http://www.haccp.or.kr/fresh/prdimg/1988/19880445009949/19880445009949-1.jpg,"우유,대두,밀,돼지고기,닭고기,쇠고기,조개류",true,FOODQR,LABEL_DERIVED
MFDS_STANDARD_PROCESSED,P112-013001400-0002,RECOMMENDABLE,"",2026-06-30,http://www.haccp.or.kr/fresh/prdimg/1988/19880445009428/19880445009428-1.jpg,"땅콩,대두,밀",true,FOODQR,LABEL_DERIVED
MFDS_STANDARD_PROCESSED,P123-302030100-3286,RECOMMENDABLE_WITH_CAUTION,포화지방 주의,2026-06-30,http://www.haccp.or.kr/fresh/prdimg/1995/19950492079234/19950492079234-1.jpg,"난류,대두,밀,돼지고기,쇠고기",true,FOODQR,LABEL_DERIVED
MFDS_STANDARD_PROCESSED,P101-103000100-5288,RECOMMENDABLE,"",2026-06-30,http://www.haccp.or.kr/fresh/prdimg/1995/19950464070149/19950464070149-1.jpg,"우유,대두,밀",true,FOODQR,LABEL_DERIVED
MFDS_STANDARD_PROCESSED,P108-003000400-0019,RECOMMENDABLE_WITH_CAUTION,나트륨 주의,2026-06-30,http://www.haccp.or.kr/fresh/prdimg/1988/198803831271260/198803831271260-1.jpg,"난류,우유,대두,밀,새우,돼지고기,닭고기,쇠고기,오징어,조개류",true,FOODQR,LABEL_DERIVED
MFDS_STANDARD_PROCESSED,P108-004000400-0006,RECOMMENDABLE,"",2026-06-30,http://www.haccp.or.kr/fresh/prdimg/1988/198803831271284/198803831271284-1.jpg,"난류,우유,땅콩,대두,밀,새우,돼지고기,닭고기,쇠고기",true,FOODQR,LABEL_DERIVED
MFDS_STANDARD_PROCESSED,P101-103000400-0062,RECOMMENDABLE,"",2026-06-30,http://www.haccp.or.kr/fresh/prdimg/1995/19950464070149/19950464070149-1.jpg,"우유,대두,밀",true,FOODQR,LABEL_DERIVED
MFDS_STANDARD_PROCESSED,P123-302030100-0078,RECOMMENDABLE_WITH_CAUTION,포화지방 주의,2026-06-30,http://www.haccp.or.kr/fresh/prdimg/1993/19930555148362/19930555148362-1.jpg,"난류,우유,대두,밀,돼지고기,쇠고기",true,FOODQR,LABEL_DERIVED
MFDS_STANDARD_PROCESSED,P123-302030100-0077,RECOMMENDABLE,"",2026-06-30,http://www.haccp.or.kr/fresh/prdimg/1995/19950492079234/19950492079234-1.jpg,"난류,대두,밀,돼지고기,쇠고기",true,FOODQR,LABEL_DERIVED
MFDS_STANDARD_PROCESSED,P116-708070200-0009,RECOMMENDABLE,"",2026-06-30,http://www.haccp.or.kr/fresh/prdimg/1996/19960080359636/19960080359636-1.jpg,밀,true,FOODQR,LABEL_DERIVED
MFDS_STANDARD_PROCESSED,P116-708070200-0006,RECOMMENDABLE,"",2026-06-30,http://www.haccp.or.kr/fresh/prdimg/1996/19960080359635/19960080359635-1.jpg,밀,true,FOODQR,LABEL_DERIVED
MFDS_STANDARD_PROCESSED,P116-200020100-0009,RECOMMENDABLE,"",2026-06-30,http://www.haccp.or.kr/fresh/prdimg/1983/19830190020237/19830190020237-1.jpg,밀,true,FOODQR,LABEL_DERIVED
MFDS_STANDARD_PROCESSED,P116-200020100-0007,RECOMMENDABLE,"",2026-06-30,http://www.haccp.or.kr/fresh/prdimg/1983/19830190020205/19830190020205-1.jpg,밀,true,FOODQR,LABEL_DERIVED
MFDS_STANDARD_PROCESSED,P106-002000300-0006,RECOMMENDABLE_WITH_CAUTION,나트륨 주의,2026-06-30,http://www.haccp.or.kr/fresh/prdimg/1991/1991037209256/1991037209256-1.jpg,"우유,대두,밀,게,새우,닭고기,조개류",true,FOODQR,LABEL_DERIVED
MFDS_STANDARD_PROCESSED,P119-204020400-0951,RECOMMENDABLE,"",2026-06-30,http://www.haccp.or.kr/fresh/prdimg/2002/2002044800261/2002044800261-1.jpg,"우유,대두",true,FOODQR,LABEL_DERIVED
MFDS_STANDARD_PROCESSED,P101-415000400-0506,RECOMMENDABLE,"",2026-06-30,http://www.haccp.or.kr/fresh/prdimg/2017/2017008092931/2017008092931-1.png,밀,true,FOODQR,LABEL_DERIVED
MFDS_STANDARD_PROCESSED,P109-801080100-4000,RECOMMENDABLE_WITH_CAUTION,당류 주의,2026-06-30,http://www.haccp.or.kr/fresh/prdimg/1996/19960308010339/19960308010339-1.jpg,대두,true,FOODQR,LABEL_DERIVED
MFDS_STANDARD_PROCESSED,P101-103000400-0103,RECOMMENDABLE_WITH_CAUTION,포화지방 주의,2026-06-30,http://www.haccp.or.kr/fresh/prdimg/1993/19930618060775/19930618060775-1.jpg,"난류,우유,땅콩,대두,밀,쇠고기",true,FOODQR,LABEL_DERIVED
MFDS_STANDARD_PROCESSED,P101-103000400-0102,RECOMMENDABLE,"",2026-06-30,http://www.haccp.or.kr/fresh/prdimg/1996/19960399065292/19960399065292-1.jpg,"우유,대두,밀",true,FOODQR,LABEL_DERIVED
MFDS_STANDARD_PROCESSED,P101-106000100-0079,RECOMMENDABLE,"",2026-06-30,http://www.haccp.or.kr/fresh/prdimg/2007/200704332477/200704332477-1.jpg,"우유,대두,밀,쇠고기",true,FOODQR,LABEL_DERIVED
MFDS_STANDARD_PROCESSED,P101-403000400-0020,RECOMMENDABLE,"",2026-06-30,http://www.haccp.or.kr/fresh/prdimg/2017/20170080929185/20170080929185-1.jpg,밀,true,FOODQR,LABEL_DERIVED
MFDS_STANDARD_PROCESSED,P117-800050200-0006,RECOMMENDABLE,"",2026-06-30,http://www.haccp.or.kr/fresh/prdimg/2013/201302621934/201302621934-1.jpg,"난류,대두,밀,돼지고기,조개류",true,FOODQR,LABEL_DERIVED
MFDS_STANDARD_PROCESSED,P101-403000400-0015,RECOMMENDABLE,"",2026-06-30,http://www.haccp.or.kr/fresh/prdimg/2017/201700809291/201700809291-1.jpg,"대두,밀",true,FOODQR,LABEL_DERIVED
MFDS_STANDARD_PROCESSED,P123-201020300-0327,RECOMMENDABLE_WITH_CAUTION,나트륨 주의,2026-06-30,http://www.haccp.or.kr/fresh/prdimg/1993/19930199349577/19930199349577-1.jpg,"난류,우유,대두,밀,게,토마토,닭고기,쇠고기,조개류",true,FOODQR,LABEL_DERIVED
MFDS_STANDARD_PROCESSED,P119-204020400-0052,RECOMMENDABLE_WITH_CAUTION,당류 주의,2026-06-30,http://www.haccp.or.kr/fresh/prdimg/1985/19850157002146/19850157002146-1.jpg,"우유,대두,밀",true,FOODQR,LABEL_DERIVED
MFDS_STANDARD_PROCESSED,P120-100010400-0002,RECOMMENDABLE,"",2026-06-30,http://www.haccp.or.kr/fresh/prdimg/2010/201004671177/201004671177-1.jpg,"난류,대두,밀,게",true,FOODQR,LABEL_DERIVED
MFDS_STANDARD_PROCESSED,P120-100010400-0069,RECOMMENDABLE,"",2026-06-30,http://www.haccp.or.kr/fresh/prdimg/2010/201004671177/201004671177-1.jpg,"난류,대두,밀,게",true,FOODQR,LABEL_DERIVED
MFDS_STANDARD_PROCESSED,P109-801080100-0149,RECOMMENDABLE_WITH_CAUTION,당류 주의,2026-06-30,http://www.haccp.or.kr/fresh/prdimg/1996/19960308010339/19960308010339-1.jpg,대두,true,FOODQR,LABEL_DERIVED
MFDS_STANDARD_PROCESSED,P109-103010300-0228,RECOMMENDABLE_WITH_CAUTION,나트륨/당류/포화지방 주의,2026-06-30,http://www.haccp.or.kr/fresh/prdimg/1971/19710372001131/19710372001131-1.jpg,"우유,땅콩,대두,호두",true,FOODQR,LABEL_DERIVED
MFDS_STANDARD_PROCESSED,P119-203020300-0010,RECOMMENDABLE,"",2026-06-30,http://www.haccp.or.kr/fresh/prdimg/1981/19810262002282/19810262002282-1.jpg,우유,true,FOODQR,LABEL_DERIVED
MFDS_STANDARD_PROCESSED,P119-203020300-0009,RECOMMENDABLE,"",2026-06-30,http://www.haccp.or.kr/fresh/prdimg/1981/1981026200297/1981026200297-1.jpg,우유,true,FOODQR,LABEL_DERIVED
MFDS_STANDARD_PROCESSED,P119-204020400-0296,RECOMMENDABLE_WITH_CAUTION,포화지방 주의,2026-06-30,http://www.haccp.or.kr/fresh/prdimg/1985/19850157002163/19850157002163-1.jpg,우유,true,FOODQR,LABEL_DERIVED
MFDS_STANDARD_PROCESSED,P101-501000500-0417,RECOMMENDABLE,"",2026-06-30,http://www.haccp.or.kr/fresh/prdimg/2004/2004018248631/2004018248631-1.jpg,"땅콩,대두",true,FOODQR,LABEL_DERIVED
MFDS_STANDARD_PROCESSED,P124-200020000-0151,RECOMMENDABLE_WITH_CAUTION,당류 주의,2026-06-30,http://www.haccp.or.kr/fresh/prdimg/2008/2008038023913/2008038023913-1.jpg,"우유,대두",true,FOODQR,LABEL_DERIVED
MFDS_STANDARD_PROCESSED,P113-202020200-0022,RECOMMENDABLE,"",2026-06-30,http://www.haccp.or.kr/fresh/prdimg/2001/2001044505525/2001044505525-1.jpg,"난류,대두,쇠고기,조개류",true,FOODQR,LABEL_DERIVED
MFDS_STANDARD_PROCESSED,P117-201020100-0666,RECOMMENDABLE,"",2026-06-30,http://www.haccp.or.kr/fresh/prdimg/2005/20050405003160/20050405003160-1.jpg,"우유,대두,밀,돼지고기,토마토,쇠고기",true,FOODQR,LABEL_DERIVED
MFDS_STANDARD_PROCESSED,P124-200020000-2204,RECOMMENDABLE_WITH_CAUTION,당류 주의,2026-06-30,http://www.haccp.or.kr/fresh/prdimg/2008/2008038023913/2008038023913-1.jpg,"우유,대두",true,FOODQR,LABEL_DERIVED
MFDS_STANDARD_PROCESSED,P119-204020400-0511,RECOMMENDABLE_WITH_CAUTION,포화지방 주의,2026-06-30,http://www.haccp.or.kr/fresh/prdimg/2007/2007037900955/2007037900955-1.jpg,우유,true,FOODQR,LABEL_DERIVED
MFDS_STANDARD_PROCESSED,P119-202040200-0559,RECOMMENDABLE,"",2026-06-30,http://www.haccp.or.kr/fresh/prdimg/2007/2007037900947/2007037900947-1.jpg,우유,true,FOODQR,LABEL_DERIVED
MFDS_STANDARD_PROCESSED,P123-203020200-0314,RECOMMENDABLE_WITH_CAUTION,나트륨 주의,2026-06-30,http://www.haccp.or.kr/fresh/prdimg/2000/200003470522050/200003470522050-1.jpg,"난류,대두,밀,게,새우,돼지고기,아황산류,쇠고기",true,FOODQR,LABEL_DERIVED
MFDS_STANDARD_PROCESSED,P123-203020200-0311,RECOMMENDABLE_WITH_CAUTION,나트륨/포화지방 주의,2026-06-30,http://www.haccp.or.kr/fresh/prdimg/2000/200003470522052/200003470522052-1.jpg,"난류,우유,대두,밀,게,새우,돼지고기,토마토,아황산류,쇠고기",true,FOODQR,LABEL_DERIVED
MFDS_STANDARD_PROCESSED,P106-001000100-0301,RECOMMENDABLE,"",2026-06-30,http://www.haccp.or.kr/fresh/prdimg/2012/201204450134/201204450134-1.jpg,대두,true,FOODQR,LABEL_DERIVED
MFDS_STANDARD_PROCESSED,P116-703070300-0102,RECOMMENDABLE,"",2026-06-30,http://www.haccp.or.kr/fresh/prdimg/2006/2006044309519/2006044309519-1.jpg,대두,true,FOODQR,LABEL_DERIVED
MFDS_STANDARD_PROCESSED,P106-001000100-0190,RECOMMENDABLE,"",2026-06-30,http://www.haccp.or.kr/fresh/prdimg/2006/200604430955/200604430955-1.jpg,대두,true,FOODQR,LABEL_DERIVED
MFDS_STANDARD_PROCESSED,P106-001000100-0189,RECOMMENDABLE,"",2026-06-30,http://www.haccp.or.kr/fresh/prdimg/2006/2006044309567/2006044309567-1.jpg,대두,true,FOODQR,LABEL_DERIVED
MFDS_STANDARD_PROCESSED,P106-001000100-0188,RECOMMENDABLE,"",2026-06-30,http://www.haccp.or.kr/fresh/prdimg/2006/2006044309566/2006044309566-1.jpg,대두,true,FOODQR,LABEL_DERIVED
MFDS_STANDARD_PROCESSED,P113-206020400-2051,RECOMMENDABLE,"",2026-06-30,http://www.haccp.or.kr/fresh/prdimg/2006/2006044521926/2006044521926-1.jpg,"우유,대두,밀,토마토,아황산류,쇠고기",true,FOODQR,LABEL_DERIVED
MFDS_STANDARD_PROCESSED,P101-105000100-0194,RECOMMENDABLE_WITH_CAUTION,포화지방 주의,2026-06-30,http://www.haccp.or.kr/fresh/prdimg/2006/200602423761/200602423761-1.jpg,"우유,대두,밀",true,FOODQR,LABEL_DERIVED
MFDS_STANDARD_PROCESSED,P103-102020500-0354,RECOMMENDABLE_WITH_CAUTION,포화지방 주의,2026-06-30,http://www.haccp.or.kr/fresh/prdimg/1973/19730443003654/19730443003654-1.jpg,"난류,우유,대두,밀",true,FOODQR,LABEL_DERIVED
MFDS_STANDARD_PROCESSED,P103-102020500-0353,RECOMMENDABLE,"",2026-06-30,http://www.haccp.or.kr/fresh/prdimg/1973/19730443003654/19730443003654-1.jpg,"난류,우유,대두,밀",true,FOODQR,LABEL_DERIVED
MFDS_STANDARD_PROCESSED,P117-201020100-0334,RECOMMENDABLE,"",2026-06-30,http://www.haccp.or.kr/fresh/prdimg/1995/19950262006327/19950262006327-1.jpg,"대두,쇠고기",true,FOODQR,LABEL_DERIVED
MFDS_STANDARD_PROCESSED,P109-601060100-0062,RECOMMENDABLE_WITH_CAUTION,당류 주의,2026-06-30,http://www.haccp.or.kr/fresh/prdimg/2006/20060464002208/20060464002208-1.jpg,우유,true,FOODQR,LABEL_DERIVED
MFDS_STANDARD_PROCESSED,P106-002000300-0033,RECOMMENDABLE_WITH_CAUTION,포화지방 주의,2026-06-30,http://www.haccp.or.kr/fresh/prdimg/2015/201504641664/201504641664-1.jpg,대두,true,FOODQR,LABEL_DERIVED
MFDS_STANDARD_PROCESSED,P113-206020400-0259,RECOMMENDABLE,"",2026-06-30,http://www.haccp.or.kr/fresh/prdimg/2005/200504150202221/200504150202221-1.jpg,"대두,토마토,닭고기",true,FOODQR,LABEL_DERIVED
MFDS_STANDARD_PROCESSED,P123-206020300-0367,RECOMMENDABLE_WITH_CAUTION,나트륨/당류 주의,2026-06-30,http://www.haccp.or.kr/fresh/prdimg/2002/200204610737741/200204610737741-1.jpg,"우유,대두,밀,닭고기,쇠고기",true,FOODQR,LABEL_DERIVED
MFDS_STANDARD_PROCESSED,P113-206020400-0257,RECOMMENDABLE,"",2026-06-30,http://www.haccp.or.kr/fresh/prdimg/2005/200504150202219/200504150202219-1.jpg,"우유,대두,토마토",true,FOODQR,LABEL_DERIVED
MFDS_STANDARD_PROCESSED,P103-102020500-0347,RECOMMENDABLE_WITH_CAUTION,포화지방 주의,2026-06-30,http://www.haccp.or.kr/fresh/prdimg/1984/1984022100896/1984022100896-1.jpg,"난류,우유,땅콩,대두,밀,쇠고기",true,FOODQR,LABEL_DERIVED
MFDS_STANDARD_PROCESSED,P103-102020500-4119,RECOMMENDABLE,"",2026-06-30,http://www.haccp.or.kr/fresh/prdimg/1984/1984022100896/1984022100896-1.jpg,"난류,우유,땅콩,대두,밀,쇠고기",true,FOODQR,LABEL_DERIVED
MFDS_STANDARD_PROCESSED,P103-102020500-3567,RECOMMENDABLE,"",2026-06-30,http://www.haccp.or.kr/fresh/prdimg/1984/1984022100896/1984022100896-1.jpg,"난류,우유,땅콩,대두,밀,쇠고기",true,FOODQR,LABEL_DERIVED
MFDS_STANDARD_PROCESSED,P101-103000400-2156,RECOMMENDABLE,"",2026-06-30,http://www.haccp.or.kr/fresh/prdimg/1984/19840221008159/19840221008159-1.jpg,"난류,우유,대두,밀,쇠고기",true,FOODQR,LABEL_DERIVED
MFDS_STANDARD_PROCESSED,P101-103000400-2155,RECOMMENDABLE_WITH_CAUTION,포화지방 주의,2026-06-30,http://www.haccp.or.kr/fresh/prdimg/1986/19860560029148/19860560029148-1.jpg,"난류,우유,대두,밀,쇠고기",true,FOODQR,LABEL_DERIVED
MFDS_STANDARD_PROCESSED,P123-204020300-0385,RECOMMENDABLE,"",2026-06-30,http://www.haccp.or.kr/fresh/prdimg/1988/19880442004308/19880442004308-1.jpg,"난류,대두,밀,호두,닭고기",true,FOODQR,LABEL_DERIVED
MFDS_STANDARD_PROCESSED,P119-204020400-0510,RECOMMENDABLE_WITH_CAUTION,당류/포화지방 주의,2026-06-30,http://www.haccp.or.kr/fresh/prdimg/2002/2002044800257/2002044800257-1.jpg,"우유,대두",true,FOODQR,LABEL_DERIVED
MFDS_STANDARD_PROCESSED,P108-008000200-0071,RECOMMENDABLE,"",2026-06-30,http://www.haccp.or.kr/fresh/prdimg/1988/19880445009643/19880445009643-1.jpg,"메밀,대두,밀,돼지고기,토마토,닭고기,쇠고기",true,FOODQR,LABEL_DERIVED
MFDS_STANDARD_PROCESSED,P108-001000300-0071,RECOMMENDABLE_WITH_CAUTION,나트륨 주의,2026-06-30,http://www.haccp.or.kr/fresh/prdimg/2007/2007047005012/2007047005012-1.jpg,밀,true,FOODQR,LABEL_DERIVED
MFDS_STANDARD_PROCESSED,P108-013000300-0012,RECOMMENDABLE_WITH_CAUTION,나트륨 주의,2026-06-30,http://www.haccp.or.kr/fresh/prdimg/2007/2007047005016/2007047005016-1.jpg,"우유,대두,밀,새우,토마토,쇠고기,오징어,조개류",true,FOODQR,LABEL_DERIVED
MFDS_STANDARD_PROCESSED,P108-008000300-0033,RECOMMENDABLE,"",2026-06-30,http://www.haccp.or.kr/fresh/prdimg/2007/2007047005097/2007047005097-1.jpg,"메밀,대두,밀",true,FOODQR,LABEL_DERIVED
MFDS_STANDARD_PROCESSED,P108-013000300-0010,RECOMMENDABLE_WITH_CAUTION,나트륨 주의,2026-06-30,http://www.haccp.or.kr/fresh/prdimg/2007/2007047005074/2007047005074-1.jpg,"우유,대두,밀,쇠고기,조개류",true,FOODQR,LABEL_DERIVED
MFDS_STANDARD_PROCESSED,P108-001000300-0065,RECOMMENDABLE,"",2026-06-30,http://www.haccp.or.kr/fresh/prdimg/2007/200704700502/200704700502-1.jpg,밀,true,FOODQR,LABEL_DERIVED
MFDS_STANDARD_PROCESSED,P108-008000200-0072,RECOMMENDABLE,"",2026-06-30,http://www.haccp.or.kr/fresh/prdimg/1988/19880445009343/19880445009343-1.jpg,"메밀,밀",true,FOODQR,LABEL_DERIVED
MFDS_STANDARD_PROCESSED,P101-103000400-0819,RECOMMENDABLE,"",2026-06-30,http://www.haccp.or.kr/fresh/prdimg/1982/19820481021262/19820481021262-1.jpg,"난류,우유,대두,밀,쇠고기",true,FOODQR,LABEL_DERIVED
MFDS_STANDARD_PROCESSED,P102-103010300-0253,RECOMMENDABLE,"",2026-06-30,http://www.haccp.or.kr/fresh/prdimg/1978/1978057500133/1978057500133-1.jpg,"난류,우유,대두",true,FOODQR,LABEL_DERIVED
MFDS_STANDARD_PROCESSED,P120-104010400-0160,RECOMMENDABLE,"",2026-06-30,http://www.haccp.or.kr/fresh/prdimg/1988/19880311002411/19880311002411-1.jpg,"대두,밀,게,쇠고기",true,FOODQR,LABEL_DERIVED
MFDS_STANDARD_PROCESSED,P101-405000400-1152,RECOMMENDABLE_WITH_CAUTION,당류 주의,2026-06-30,http://www.haccp.or.kr/fresh/prdimg/2007/20070156181406/20070156181406-1.jpg,"난류,대두,밀",true,FOODQR,LABEL_DERIVED
MFDS_STANDARD_PROCESSED,P123-226020200-0333,RECOMMENDABLE,"",2026-06-30,http://www.haccp.or.kr/fresh/prdimg/2015/2015035522214/2015035522214-1.jpg,"난류,대두",true,FOODQR,LABEL_DERIVED
MFDS_STANDARD_PROCESSED,P119-900090100-0713,RECOMMENDABLE,"",2026-06-30,http://www.haccp.or.kr/fresh/prdimg/2009/20090476009308/20090476009308-1.jpg,우유,true,FOODQR,LABEL_DERIVED
MFDS_STANDARD_PROCESSED,P119-900090200-0299,RECOMMENDABLE,"",2026-06-30,http://www.haccp.or.kr/fresh/prdimg/2009/2009047600958/2009047600958-1.jpg,"우유,대두,밀",true,FOODQR,LABEL_DERIVED
MFDS_STANDARD_PROCESSED,P119-900090100-0182,RECOMMENDABLE,"",2026-06-30,http://www.haccp.or.kr/fresh/prdimg/2009/20090476009256/20090476009256-1.jpg,우유,true,FOODQR,LABEL_DERIVED
MFDS_STANDARD_PROCESSED,P119-900090100-0183,RECOMMENDABLE,"",2026-06-30,http://www.haccp.or.kr/fresh/prdimg/2009/20090476009254/20090476009254-1.jpg,우유,true,FOODQR,LABEL_DERIVED
MFDS_STANDARD_PROCESSED,P123-205020300-1777,RECOMMENDABLE,"",2026-06-30,http://www.haccp.or.kr/fresh/prdimg/1972/197202880023248/197202880023248-1.jpg,"우유,대두,밀,돼지고기,쇠고기",true,FOODQR,LABEL_DERIVED
MFDS_STANDARD_PROCESSED,P123-205020300-0657,RECOMMENDABLE,"",2026-06-30,http://www.haccp.or.kr/fresh/prdimg/1972/197202880023248/197202880023248-1.jpg,"우유,대두,밀,돼지고기,쇠고기",true,FOODQR,LABEL_DERIVED
MFDS_STANDARD_PROCESSED,P108-013000100-0030,RECOMMENDABLE,"",2026-06-30,http://www.haccp.or.kr/fresh/prdimg/1988/19880445009588/19880445009588-1.jpg,밀,true,FOODQR,LABEL_DERIVED
MFDS_STANDARD_PROCESSED,P117-800060000-0413,RECOMMENDABLE,"",2026-06-30,http://www.haccp.or.kr/fresh/prdimg/2006/200604050149/200604050149-1.jpg,밀,true,FOODQR,LABEL_DERIVED
MFDS_STANDARD_PROCESSED,P117-800060000-0412,RECOMMENDABLE,"",2026-06-30,http://www.haccp.or.kr/fresh/prdimg/2006/200604050148/200604050148-1.jpg,밀,true,FOODQR,LABEL_DERIVED
MFDS_STANDARD_PROCESSED,P117-800060000-0411,RECOMMENDABLE,"",2026-06-30,http://www.haccp.or.kr/fresh/prdimg/2006/200604050145/200604050145-1.jpg,밀,true,FOODQR,LABEL_DERIVED
MFDS_STANDARD_PROCESSED,P101-103000400-0802,RECOMMENDABLE,"",2026-06-30,http://www.haccp.or.kr/fresh/prdimg/1982/19820481021235/19820481021235-1.jpg,"우유,대두,밀,쇠고기",true,FOODQR,LABEL_DERIVED
MFDS_STANDARD_PROCESSED,P120-104010400-0154,RECOMMENDABLE,"",2026-06-30,http://www.haccp.or.kr/fresh/prdimg/1996/19960144406214/19960144406214-1.jpg,"난류,우유,대두,새우",true,FOODQR,LABEL_DERIVED
MFDS_STANDARD_PROCESSED,P117-100010200-0054,RECOMMENDABLE,"",2026-06-30,http://www.haccp.or.kr/fresh/prdimg/1993/19930607450111/19930607450111-1.jpg,"밀,새우,돼지고기",true,FOODQR,LABEL_DERIVED
MFDS_STANDARD_PROCESSED,P101-106000100-0974,RECOMMENDABLE,"",2026-06-30,http://www.haccp.or.kr/fresh/prdimg/1994/1994014402690/1994014402690-1.jpg,"밀,돼지고기",true,FOODQR,LABEL_DERIVED
MFDS_STANDARD_PROCESSED,P114-400020100-0751,RECOMMENDABLE,"",2026-06-30,http://www.haccp.or.kr/fresh/prdimg/2006/20060392118190/20060392118190-1.jpg,"대두,밀",true,FOODQR,LABEL_DERIVED
MFDS_STANDARD_PROCESSED,P101-205000200-0550,RECOMMENDABLE,"",2026-06-30,http://www.haccp.or.kr/fresh/prdimg/1997/19970443119287/19970443119287-1.jpg,"대두,돼지고기",true,FOODQR,LABEL_DERIVED
MFDS_STANDARD_PROCESSED,P112-010001300-0001,RECOMMENDABLE,"",2026-06-30,http://www.haccp.or.kr/fresh/prdimg/2002/2002046408817/2002046408817-1.jpg,밀,true,FOODQR,LABEL_DERIVED
MFDS_STANDARD_PROCESSED,P101-205000200-0546,RECOMMENDABLE,"",2026-06-30,http://www.haccp.or.kr/fresh/prdimg/1997/19970443119317/19970443119317-1.jpg,돼지고기,true,FOODQR,LABEL_DERIVED
MFDS_STANDARD_PROCESSED,P106-002000300-0025,RECOMMENDABLE_WITH_CAUTION,나트륨 주의,2026-06-30,http://www.haccp.or.kr/fresh/prdimg/1991/1991037209218/1991037209218-1.jpg,"난류,우유,대두,밀",true,FOODQR,LABEL_DERIVED
MFDS_STANDARD_PROCESSED,P103-101020500-1175,RECOMMENDABLE_WITH_CAUTION,포화지방 주의,2026-06-30,http://www.haccp.or.kr/fresh/prdimg/1994/1994060717598/1994060717598-1.jpg,"우유,대두",true,FOODQR,LABEL_DERIVED
MFDS_STANDARD_PROCESSED,P103-101020400-0295,RECOMMENDABLE,"",2026-06-30,http://www.haccp.or.kr/fresh/prdimg/1973/1973044300372/1973044300372-1.jpg,"우유,대두",true,FOODQR,LABEL_DERIVED
MFDS_STANDARD_PROCESSED,P109-103010300-0224,RECOMMENDABLE_WITH_CAUTION,나트륨/당류/포화지방 주의,2026-06-30,http://www.haccp.or.kr/fresh/prdimg/1971/19710372001133/19710372001133-1.jpg,"우유,땅콩,대두,호두",true,FOODQR,LABEL_DERIVED
MFDS_STANDARD_PROCESSED,P123-226020200-0647,RECOMMENDABLE,"",2026-06-30,http://www.haccp.or.kr/fresh/prdimg/2007/20070355264383/20070355264383-1.jpg,"난류,대두",true,FOODQR,LABEL_DERIVED
MFDS_STANDARD_PROCESSED,P117-100010100-0167,RECOMMENDABLE,"",2026-06-30,http://www.haccp.or.kr/fresh/prdimg/2010/2010047602324/2010047602324-1.jpg,"우유,대두",true,FOODQR,LABEL_DERIVED
MFDS_STANDARD_PROCESSED,P119-204020400-0514,RECOMMENDABLE,"",2026-06-30,http://www.haccp.or.kr/fresh/prdimg/2007/2007037900957/2007037900957-1.jpg,우유,true,FOODQR,LABEL_DERIVED
MFDS_STANDARD_PROCESSED,P120-104010400-0161,RECOMMENDABLE,"",2026-06-30,http://www.haccp.or.kr/fresh/prdimg/1996/19960144406192/19960144406192-1.jpg,"난류,우유,대두,돼지고기",true,FOODQR,LABEL_DERIVED
MFDS_STANDARD_PROCESSED,P109-401040100-2434,RECOMMENDABLE_WITH_CAUTION,당류 주의,2026-06-30,http://www.haccp.or.kr/fresh/prdimg/2010/20100543066412/20100543066412-1.jpg,대두,true,FOODQR,LABEL_DERIVED
MFDS_STANDARD_PROCESSED,P109-401040100-2433,RECOMMENDABLE_WITH_CAUTION,당류 주의,2026-06-30,http://www.haccp.or.kr/fresh/prdimg/2010/20100543066412/20100543066412-1.jpg,대두,true,FOODQR,LABEL_DERIVED
MFDS_STANDARD_PROCESSED,P123-210020300-0157,RECOMMENDABLE,"",2026-06-30,http://www.haccp.or.kr/fresh/prdimg/1988/19880442004285/19880442004285-1.jpg,"대두,밀,새우,호두",true,FOODQR,LABEL_DERIVED
MFDS_STANDARD_PROCESSED,P101-106000100-1011,RECOMMENDABLE,"",2026-06-30,http://www.haccp.or.kr/fresh/prdimg/1994/1994014402614/1994014402614-1.jpg,밀,true,FOODQR,LABEL_DERIVED
MFDS_STANDARD_PROCESSED,P101-106000100-1010,RECOMMENDABLE,"",2026-06-30,http://www.haccp.or.kr/fresh/prdimg/1986/19860512022183/19860512022183-1.jpg,"우유,땅콩,대두,밀",true,FOODQR,LABEL_DERIVED
MFDS_STANDARD_PROCESSED,P101-103000400-2201,RECOMMENDABLE,"",2026-06-30,http://www.haccp.or.kr/fresh/prdimg/1988/198803831271770/198803831271770-1.jpg,"땅콩,대두,밀",true,FOODQR,LABEL_DERIVED
MFDS_STANDARD_PROCESSED,P101-103000400-0809,RECOMMENDABLE_WITH_CAUTION,포화지방 주의,2026-06-30,http://www.haccp.or.kr/fresh/prdimg/2016/2016036417039/2016036417039-1.jpg,"난류,우유,땅콩,대두,밀,호두",true,FOODQR,LABEL_DERIVED
MFDS_STANDARD_PROCESSED,P123-205020300-0700,RECOMMENDABLE,"",2026-06-30,http://www.haccp.or.kr/fresh/prdimg/2007/20070355030197/20070355030197-1.jpg,"우유,대두,밀,쇠고기",true,FOODQR,LABEL_DERIVED
MFDS_STANDARD_PROCESSED,P119-900090200-0132,RECOMMENDABLE,"",2026-06-30,http://www.haccp.or.kr/fresh/prdimg/2009/20090476009210/20090476009210-1.jpg,우유,true,FOODQR,LABEL_DERIVED
MFDS_STANDARD_PROCESSED,P119-900090200-0131,RECOMMENDABLE,"",2026-06-30,http://www.haccp.or.kr/fresh/prdimg/2009/20090476009209/20090476009209-1.jpg,우유,true,FOODQR,LABEL_DERIVED
MFDS_STANDARD_PROCESSED,P119-900090200-0130,RECOMMENDABLE,"",2026-06-30,http://www.haccp.or.kr/fresh/prdimg/2009/20090476009194/20090476009194-1.jpg,우유,true,FOODQR,LABEL_DERIVED
MFDS_STANDARD_PROCESSED,P109-500050200-0066,RECOMMENDABLE,"",2026-06-30,http://www.haccp.or.kr/fresh/prdimg/1985/1985044900156/1985044900156-1.jpg,"대두,밀",true,FOODQR,LABEL_DERIVED
MFDS_STANDARD_PROCESSED,P109-500050200-0611,RECOMMENDABLE,"",2026-06-30,http://www.haccp.or.kr/fresh/prdimg/1985/1985044900162/1985044900162-1.jpg,"땅콩,대두,호두",true,FOODQR,LABEL_DERIVED
MFDS_STANDARD_PROCESSED,P124-200020000-0094,RECOMMENDABLE,"",2026-06-30,http://www.haccp.or.kr/fresh/prdimg/1996/199604940215/199604940215-1.jpg,"대두,밀",true,FOODQR,LABEL_DERIVED
MFDS_STANDARD_PROCESSED,P101-106000100-4414,RECOMMENDABLE,"",2026-06-30,http://www.haccp.or.kr/fresh/prdimg/1999/19990386335248/19990386335248-1.jpg,"우유,대두,밀",true,FOODQR,LABEL_DERIVED
MFDS_STANDARD_PROCESSED,P120-104010400-0145,RECOMMENDABLE,"",2026-06-30,http://www.haccp.or.kr/fresh/prdimg/1987/19870275001279/19870275001279-1.jpg,"대두,밀",true,FOODQR,LABEL_DERIVED
MFDS_STANDARD_PROCESSED,P120-104010400-0141,RECOMMENDABLE,"",2026-06-30,http://www.haccp.or.kr/fresh/prdimg/1987/19870275001468/19870275001468-1.jpg,"대두,밀",true,FOODQR,LABEL_DERIVED
MFDS_STANDARD_PROCESSED,P101-405000400-1147,RECOMMENDABLE,"",2026-06-30,http://www.haccp.or.kr/fresh/prdimg/1971/197102750034281/197102750034281-1.jpg,"대두,밀",true,FOODQR,LABEL_DERIVED
MFDS_STANDARD_PROCESSED,P108-003000400-0114,RECOMMENDABLE_WITH_CAUTION,나트륨 주의,2026-06-30,http://www.haccp.or.kr/fresh/prdimg/1988/19880383127120/19880383127120-1.jpg,"난류,우유,대두,밀,돼지고기,닭고기,쇠고기,조개류",true,FOODQR,LABEL_DERIVED
MFDS_STANDARD_PROCESSED,P108-003000400-0588,RECOMMENDABLE_WITH_CAUTION,나트륨 주의,2026-06-30,http://www.haccp.or.kr/fresh/prdimg/1971/1971048700213/1971048700213-1.jpg,"난류,우유,대두,밀,돼지고기,닭고기,쇠고기,조개류",true,FOODQR,LABEL_DERIVED
MFDS_STANDARD_PROCESSED,P108-003000400-0965,RECOMMENDABLE_WITH_CAUTION,나트륨 주의,2026-06-30,http://www.haccp.or.kr/fresh/prdimg/1988/19880383127120/19880383127120-1.jpg,"난류,우유,대두,밀,돼지고기,닭고기,쇠고기,조개류",true,FOODQR,LABEL_DERIVED
MFDS_STANDARD_PROCESSED,P108-003000400-0901,RECOMMENDABLE_WITH_CAUTION,나트륨 주의,2026-06-30,http://www.haccp.or.kr/fresh/prdimg/1971/1971048700213/1971048700213-1.jpg,"난류,우유,대두,밀,돼지고기,닭고기,쇠고기,조개류",true,FOODQR,LABEL_DERIVED
MFDS_STANDARD_PROCESSED,P112-013001300-0562,RECOMMENDABLE,"",2026-06-30,http://www.haccp.or.kr/fresh/prdimg/1991/1991045804750/1991045804750-1.jpg,"대두,밀",true,FOODQR,LABEL_DERIVED
MFDS_STANDARD_PROCESSED,P112-013001300-0058,RECOMMENDABLE_WITH_CAUTION,나트륨 주의,2026-06-30,http://www.haccp.or.kr/fresh/prdimg/1991/1991045804750/1991045804750-1.jpg,"대두,밀",true,FOODQR,LABEL_DERIVED
MFDS_STANDARD_PROCESSED,P116-705070200-0089,RECOMMENDABLE,"",2026-06-30,http://www.haccp.or.kr/fresh/prdimg/1993/19930199349462/19930199349462-1.jpg,"대두,밀,새우,돼지고기,오징어,조개류",true,FOODQR,LABEL_DERIVED
MFDS_STANDARD_PROCESSED,P112-006001400-0005,RECOMMENDABLE,"",2026-06-30,http://www.haccp.or.kr/fresh/prdimg/2006/2006044400717/2006044400717-1.jpg,"대두,밀",true,FOODQR,LABEL_DERIVED
MFDS_STANDARD_PROCESSED,P112-006001400-0002,RECOMMENDABLE,"",2026-06-30,http://www.haccp.or.kr/fresh/prdimg/2006/200604440078/200604440078-1.jpg,"대두,밀,쇠고기",true,FOODQR,LABEL_DERIVED
MFDS_STANDARD_PROCESSED,P119-900090100-0173,RECOMMENDABLE,"",2026-06-30,http://www.haccp.or.kr/fresh/prdimg/2009/2009040500941/2009040500941-1.jpg,우유,true,FOODQR,LABEL_DERIVED
MFDS_STANDARD_PROCESSED,P117-800060000-0407,RECOMMENDABLE,"",2026-06-30,http://www.haccp.or.kr/fresh/prdimg/2006/2006040501457/2006040501457-1.jpg,"밀,닭고기",true,FOODQR,LABEL_DERIVED
MFDS_STANDARD_PROCESSED,P117-700060000-0049,RECOMMENDABLE,"",2026-06-30,http://www.haccp.or.kr/fresh/prdimg/2009/200904050028/200904050028-1.jpg,"우유,대두,밀,토마토,닭고기,쇠고기",true,FOODQR,LABEL_DERIVED
MFDS_STANDARD_PROCESSED,P112-013001300-0561,RECOMMENDABLE,"",2026-06-30,http://www.haccp.or.kr/fresh/prdimg/1991/1991045804713/1991045804713-1.jpg,"대두,밀",true,FOODQR,LABEL_DERIVED
MFDS_STANDARD_PROCESSED,P112-013001300-0057,RECOMMENDABLE,"",2026-06-30,http://www.haccp.or.kr/fresh/prdimg/1991/1991045804713/1991045804713-1.jpg,"대두,밀",true,FOODQR,LABEL_DERIVED
MFDS_STANDARD_PROCESSED,P103-101020500-0537,RECOMMENDABLE_WITH_CAUTION,포화지방 주의,2026-06-30,http://www.haccp.or.kr/fresh/prdimg/2013/2013044901313/2013044901313-1.jpg,"우유,땅콩,대두,밀",true,FOODQR,LABEL_DERIVED
MFDS_STANDARD_PROCESSED,P108-005000400-0008,RECOMMENDABLE,"",2026-06-30,http://www.haccp.or.kr/fresh/prdimg/1988/19880383127105/19880383127105-1.jpg,"대두,밀",true,FOODQR,LABEL_DERIVED
MFDS_STANDARD_PROCESSED,P117-100010300-0108,RECOMMENDABLE,"",2026-06-30,http://www.haccp.or.kr/fresh/prdimg/1983/19830262001492/19830262001492-1.jpg,"대두,밀,돼지고기,닭고기",true,FOODQR,LABEL_DERIVED
MFDS_STANDARD_PROCESSED,P120-113060000-0016,RECOMMENDABLE,"",2026-06-30,http://www.haccp.or.kr/fresh/prdimg/1993/1993061906587/1993061906587-1.jpg,"밀,토마토",true,FOODQR,LABEL_DERIVED
MFDS_STANDARD_PROCESSED,P112-013001300-0060,RECOMMENDABLE,"",2026-06-30,http://www.haccp.or.kr/fresh/prdimg/2002/20020464088166/20020464088166-1.jpg,"대두,밀",true,FOODQR,LABEL_DERIVED
MFDS_STANDARD_PROCESSED,P113-206020400-0576,RECOMMENDABLE_WITH_CAUTION,나트륨 주의,2026-06-30,http://www.haccp.or.kr/fresh/prdimg/1991/19910144038562/19910144038562-1.jpg,쇠고기,true,FOODQR,LABEL_DERIVED
MFDS_STANDARD_PROCESSED,P119-204020400-0257,RECOMMENDABLE_WITH_CAUTION,당류 주의,2026-06-30,http://www.haccp.or.kr/fresh/prdimg/1985/19850157002164/19850157002164-1.jpg,우유,true,FOODQR,LABEL_DERIVED
MFDS_STANDARD_PROCESSED,P101-205000200-0461,RECOMMENDABLE,"",2026-06-30,http://www.haccp.or.kr/fresh/prdimg/2008/2008057106217/2008057106217-1.jpg,우유,true,FOODQR,LABEL_DERIVED
MFDS_STANDARD_PROCESSED,P109-802080200-0090,RECOMMENDABLE_WITH_CAUTION,당류 주의,2026-06-30,http://www.haccp.or.kr/fresh/prdimg/2007/20070443110209/20070443110209-1.jpg,토마토,true,FOODQR,LABEL_DERIVED
MFDS_STANDARD_PROCESSED,P103-102020500-0165,RECOMMENDABLE_WITH_CAUTION,포화지방 주의,2026-06-30,http://www.haccp.or.kr/fresh/prdimg/1978/19780614009391/19780614009391-1.jpg,"난류,우유,대두,밀",true,FOODQR,LABEL_DERIVED
MFDS_STANDARD_PROCESSED,P103-102020500-0164,RECOMMENDABLE_WITH_CAUTION,포화지방 주의,2026-06-30,http://www.haccp.or.kr/fresh/prdimg/1978/19780614009394/19780614009394-1.jpg,"난류,우유,대두,밀",true,FOODQR,LABEL_DERIVED
MFDS_STANDARD_PROCESSED,P101-101000100-0171,RECOMMENDABLE,"",2026-06-30,http://www.haccp.or.kr/fresh/prdimg/1985/198504330151062/198504330151062-1.jpg,"우유,대두,쇠고기",true,FOODQR,LABEL_DERIVED
MFDS_STANDARD_PROCESSED,P101-101000100-0170,RECOMMENDABLE,"",2026-06-30,http://www.haccp.or.kr/fresh/prdimg/1985/19850433015476/19850433015476-1.jpg,"우유,대두,쇠고기",true,FOODQR,LABEL_DERIVED
MFDS_STANDARD_PROCESSED,P101-501000500-0172,RECOMMENDABLE,"",2026-06-30,http://www.haccp.or.kr/fresh/prdimg/1992/19920444004215/19920444004215-1.jpg,"우유,대두,밀,쇠고기",true,FOODQR,LABEL_DERIVED
MFDS_STANDARD_PROCESSED,P120-100010500-0117,RECOMMENDABLE,"",2026-06-30,http://www.haccp.or.kr/fresh/prdimg/2008/20080614050244/20080614050244-1.jpg,"난류,우유,대두,밀",true,FOODQR,LABEL_DERIVED
MFDS_STANDARD_PROCESSED,P117-100010300-0106,RECOMMENDABLE,"",2026-06-30,http://www.haccp.or.kr/fresh/prdimg/1972/1972012500119/1972012500119-1.jpg,"난류,우유,대두,밀,돼지고기,닭고기",true,FOODQR,LABEL_DERIVED
MFDS_STANDARD_PROCESSED,P103-102020500-0154,RECOMMENDABLE,"",2026-06-30,http://www.haccp.or.kr/fresh/prdimg/2006/2006024237639/2006024237639-1.jpg,"우유,대두,밀",true,FOODQR,LABEL_DERIVED
MFDS_STANDARD_PROCESSED,P101-106000100-0900,RECOMMENDABLE,"",2026-06-30,http://www.haccp.or.kr/fresh/prdimg/1983/19830415001205/19830415001205-1.jpg,"우유,대두,밀,게,새우,쇠고기,오징어",true,FOODQR,LABEL_DERIVED
MFDS_STANDARD_PROCESSED,P101-106000100-0897,RECOMMENDABLE,"",2026-06-30,http://www.haccp.or.kr/fresh/prdimg/1990/19900355116237/19900355116237-1.jpg,"대두,밀,토마토",true,FOODQR,LABEL_DERIVED
MFDS_STANDARD_PROCESSED,P101-103000400-0759,RECOMMENDABLE,"",2026-06-30,http://www.haccp.or.kr/fresh/prdimg/2006/20060242376163/20060242376163-1.jpg,"우유,땅콩,대두,밀",true,FOODQR,LABEL_DERIVED
MFDS_STANDARD_PROCESSED,P101-103000400-0758,RECOMMENDABLE_WITH_CAUTION,포화지방 주의,2026-06-30,http://www.haccp.or.kr/fresh/prdimg/2006/2006024237627/2006024237627-1.jpg,"난류,우유,대두",true,FOODQR,LABEL_DERIVED
MFDS_STANDARD_PROCESSED,P101-103000400-0757,RECOMMENDABLE,"",2026-06-30,http://www.haccp.or.kr/fresh/prdimg/2006/2006024237628/2006024237628-1.jpg,"우유,대두,밀",true,FOODQR,LABEL_DERIVED
MFDS_STANDARD_PROCESSED,P101-203000200-0458,RECOMMENDABLE,"",2026-06-30,http://www.haccp.or.kr/fresh/prdimg/1997/199704431199/199704431199-1.jpg,우유,true,FOODQR,LABEL_DERIVED
MFDS_STANDARD_PROCESSED,P117-201020100-0311,RECOMMENDABLE,"",2026-06-30,http://www.haccp.or.kr/fresh/prdimg/2005/20050405003159/20050405003159-1.jpg,"우유,대두,밀,돼지고기,토마토,쇠고기",true,FOODQR,LABEL_DERIVED
MFDS_STANDARD_PROCESSED,P117-100010300-0105,RECOMMENDABLE,"",2026-06-30,http://www.haccp.or.kr/fresh/prdimg/2013/20130405045128/20130405045128-1.jpg,"대두,돼지고기",true,FOODQR,LABEL_DERIVED
MFDS_STANDARD_PROCESSED,P114-103010200-0667,RECOMMENDABLE,"",2026-06-30,http://www.haccp.or.kr/fresh/prdimg/1995/19950364034352/19950364034352-1.jpg,"대두,새우",true,FOODQR,LABEL_DERIVED
MFDS_STANDARD_PROCESSED,P114-101010200-0032,RECOMMENDABLE,"",2026-06-30,http://www.haccp.or.kr/fresh/prdimg/1995/19950364034349/19950364034349-1.jpg,"대두,새우",true,FOODQR,LABEL_DERIVED
MFDS_STANDARD_PROCESSED,P114-101010200-1772,RECOMMENDABLE,"",2026-06-30,http://www.haccp.or.kr/fresh/prdimg/1995/19950364034349/19950364034349-1.jpg,"대두,새우",true,FOODQR,LABEL_DERIVED
MFDS_STANDARD_PROCESSED,P123-302030100-3297,RECOMMENDABLE_WITH_CAUTION,포화지방 주의,2026-06-30,http://www.haccp.or.kr/fresh/prdimg/1987/19870190051535/19870190051535-1.jpg,"대두,밀,돼지고기,쇠고기,조개류",true,FOODQR,LABEL_DERIVED
MFDS_STANDARD_PROCESSED,P123-302030100-0318,RECOMMENDABLE_WITH_CAUTION,포화지방 주의,2026-06-30,http://www.haccp.or.kr/fresh/prdimg/1987/19870190051535/19870190051535-1.jpg,"대두,밀,돼지고기,쇠고기,조개류",true,FOODQR,LABEL_DERIVED
MFDS_STANDARD_PROCESSED,P123-302030100-0320,RECOMMENDABLE,"",2026-06-30,http://www.haccp.or.kr/fresh/prdimg/1987/19870190051537/19870190051537-1.jpg,"대두,밀,돼지고기",true,FOODQR,LABEL_DERIVED
MFDS_STANDARD_PROCESSED,P117-201020100-0309,RECOMMENDABLE,"",2026-06-30,http://www.haccp.or.kr/fresh/prdimg/1993/19930607450108/19930607450108-1.jpg,"난류,대두,밀,돼지고기,쇠고기",true,FOODQR,LABEL_DERIVED
MFDS_STANDARD_PROCESSED,P120-600060000-2698,RECOMMENDABLE,"",2026-06-30,http://www.haccp.or.kr/fresh/prdimg/2010/201005010861/201005010861-1.jpg,"새우,오징어",true,FOODQR,LABEL_DERIVED
MFDS_STANDARD_PROCESSED,P117-201020100-0315,RECOMMENDABLE,"",2026-06-30,http://www.haccp.or.kr/fresh/prdimg/2008/200806145846/200806145846-1.jpg,"우유,대두,밀,돼지고기,닭고기",true,FOODQR,LABEL_DERIVED
MFDS_STANDARD_PROCESSED,P103-102020500-0155,RECOMMENDABLE_WITH_CAUTION,포화지방 주의,2026-06-30,http://www.haccp.or.kr/fresh/prdimg/2015/201506146451/201506146451-1.jpg,"우유,대두,밀,쇠고기",true,FOODQR,LABEL_DERIVED
MFDS_STANDARD_PROCESSED,P103-102020500-4129,RECOMMENDABLE_WITH_CAUTION,포화지방 주의,2026-06-30,http://www.haccp.or.kr/fresh/prdimg/2015/201506146451/201506146451-1.jpg,"우유,대두,밀,쇠고기",true,FOODQR,LABEL_DERIVED
MFDS_STANDARD_PROCESSED,P101-405000400-1071,RECOMMENDABLE,"",2026-06-30,http://www.haccp.or.kr/fresh/prdimg/1971/197102750033906/197102750033906-1.jpg,"우유,땅콩,대두,밀",true,FOODQR,LABEL_DERIVED
MFDS_STANDARD_PROCESSED,P102-104010400-0103,RECOMMENDABLE,"",2026-06-30,http://www.haccp.or.kr/fresh/prdimg/2005/2005044800128/2005044800128-1.jpg,우유,true,FOODQR,LABEL_DERIVED
MFDS_STANDARD_PROCESSED,P119-401040100-0570,RECOMMENDABLE,"",2026-06-30,http://www.haccp.or.kr/fresh/prdimg/1976/19760262001255/19760262001255-1.jpg,우유,true,FOODQR,LABEL_DERIVED
MFDS_STANDARD_PROCESSED,P102-301030000-0137,RECOMMENDABLE,"",2026-06-30,http://www.haccp.or.kr/fresh/prdimg/2015/2015044511121/2015044511121-1.jpg,복숭아,true,FOODQR,LABEL_DERIVED
MFDS_STANDARD_PROCESSED,P123-207020300-0381,RECOMMENDABLE,"",2026-06-30,http://www.haccp.or.kr/fresh/prdimg/2002/20020464088202/20020464088202-1.jpg,"대두,밀,쇠고기",true,FOODQR,LABEL_DERIVED
MFDS_STANDARD_PROCESSED,P123-207020300-0380,RECOMMENDABLE,"",2026-06-30,http://www.haccp.or.kr/fresh/prdimg/2002/20020464088203/20020464088203-1.jpg,"대두,밀,쇠고기",true,FOODQR,LABEL_DERIVED
MFDS_STANDARD_PROCESSED,P114-101010200-0030,RECOMMENDABLE,"",2026-06-30,http://www.haccp.or.kr/fresh/prdimg/1995/19950364034350/19950364034350-1.jpg,"대두,새우",true,FOODQR,LABEL_DERIVED
MFDS_STANDARD_PROCESSED,P114-101010200-1771,RECOMMENDABLE,"",2026-06-30,http://www.haccp.or.kr/fresh/prdimg/1995/19950364034350/19950364034350-1.jpg,"대두,새우",true,FOODQR,LABEL_DERIVED
MFDS_STANDARD_PROCESSED,P123-302030100-0315,RECOMMENDABLE_WITH_CAUTION,나트륨 주의,2026-06-30,http://www.haccp.or.kr/fresh/prdimg/1987/19870190051540/19870190051540-1.jpg,"대두,밀,새우,돼지고기",true,FOODQR,LABEL_DERIVED
MFDS_STANDARD_PROCESSED,P123-207020300-0385,RECOMMENDABLE,"",2026-06-30,http://www.haccp.or.kr/fresh/prdimg/2002/20020464088199/20020464088199-1.jpg,"대두,밀,쇠고기,조개류",true,FOODQR,LABEL_DERIVED
MFDS_STANDARD_PROCESSED,P114-103010200-0666,RECOMMENDABLE,"",2026-06-30,http://www.haccp.or.kr/fresh/prdimg/1995/19950364034360/19950364034360-1.jpg,"대두,새우",true,FOODQR,LABEL_DERIVED
MFDS_STANDARD_PROCESSED,P123-207020300-3910,RECOMMENDABLE,"",2026-06-30,http://www.haccp.or.kr/fresh/prdimg/2002/20020464088202/20020464088202-1.jpg,"대두,밀,쇠고기",true,FOODQR,LABEL_DERIVED
MFDS_STANDARD_PROCESSED,P114-101010200-0027,RECOMMENDABLE,"",2026-06-30,http://www.haccp.or.kr/fresh/prdimg/1995/19950364034358/19950364034358-1.jpg,대두,true,FOODQR,LABEL_DERIVED
MFDS_STANDARD_PROCESSED,P117-700060000-0041,RECOMMENDABLE,"",2026-06-30,http://www.haccp.or.kr/fresh/prdimg/2013/20130476004191/20130476004191-1.jpg,"난류,우유,밀,닭고기",true,FOODQR,LABEL_DERIVED
MFDS_STANDARD_PROCESSED,P123-302030100-0340,RECOMMENDABLE_WITH_CAUTION,포화지방 주의,2026-06-30,http://www.haccp.or.kr/fresh/prdimg/1987/19870190051537/19870190051537-1.jpg,"대두,밀,돼지고기",true,FOODQR,LABEL_DERIVED
MFDS_STANDARD_PROCESSED,P123-302030100-0338,RECOMMENDABLE_WITH_CAUTION,포화지방 주의,2026-06-30,http://www.haccp.or.kr/fresh/prdimg/1987/19870190051535/19870190051535-1.jpg,"대두,밀,돼지고기,쇠고기,조개류",true,FOODQR,LABEL_DERIVED
MFDS_STANDARD_PROCESSED,P123-302030100-3302,RECOMMENDABLE_WITH_CAUTION,포화지방 주의,2026-06-30,http://www.haccp.or.kr/fresh/prdimg/1987/19870190051535/19870190051535-1.jpg,"대두,밀,돼지고기,쇠고기,조개류",true,FOODQR,LABEL_DERIVED
MFDS_STANDARD_PROCESSED,P123-207020300-0398,RECOMMENDABLE,"",2026-06-30,http://www.haccp.or.kr/fresh/prdimg/2002/20020464088201/20020464088201-1.jpg,쇠고기,true,FOODQR,LABEL_DERIVED
MFDS_STANDARD_PROCESSED,P123-208020300-0164,RECOMMENDABLE,"",2026-06-30,http://www.haccp.or.kr/fresh/prdimg/2013/20130443168597/20130443168597-1.jpg,"대두,밀,조개류",true,FOODQR,LABEL_DERIVED
MFDS_STANDARD_PROCESSED,P113-206020400-8197,RECOMMENDABLE_WITH_CAUTION,나트륨/당류 주의,2026-06-30,http://www.haccp.or.kr/fresh/prdimg/2001/2001044505544/2001044505544-1.jpg,"대두,밀,쇠고기",true,FOODQR,LABEL_DERIVED
MFDS_STANDARD_PROCESSED,P113-206020400-0132,RECOMMENDABLE_WITH_CAUTION,나트륨 주의,2026-06-30,http://www.haccp.or.kr/fresh/prdimg/2005/200504150201967/200504150201967-1.jpg,"대두,밀",true,FOODQR,LABEL_DERIVED
MFDS_STANDARD_PROCESSED,P113-206020400-4349,RECOMMENDABLE_WITH_CAUTION,나트륨/당류 주의,2026-06-30,http://www.haccp.or.kr/fresh/prdimg/2001/2001044505544/2001044505544-1.jpg,"대두,밀,쇠고기",true,FOODQR,LABEL_DERIVED
MFDS_STANDARD_PROCESSED,P101-103000400-0734,RECOMMENDABLE,"",2026-06-30,http://www.haccp.or.kr/fresh/prdimg/2007/2007019959225/2007019959225-1.jpg,"우유,대두,밀,토마토",true,FOODQR,LABEL_DERIVED
MFDS_STANDARD_PROCESSED,P101-103000400-0733,RECOMMENDABLE,"",2026-06-30,http://www.haccp.or.kr/fresh/prdimg/2007/2007019959227/2007019959227-1.jpg,"우유,대두,밀",true,FOODQR,LABEL_DERIVED
MFDS_STANDARD_PROCESSED,P101-407000400-0136,RECOMMENDABLE,"",2026-06-30,http://www.haccp.or.kr/fresh/prdimg/2017/2017008092928/2017008092928-1.jpg,밀,true,FOODQR,LABEL_DERIVED
MFDS_STANDARD_PROCESSED,P108-003000400-1031,RECOMMENDABLE,"",2026-06-30,http://www.haccp.or.kr/fresh/prdimg/1988/198803831271350/198803831271350-1.jpg,"난류,우유,대두,밀,닭고기",true,FOODQR,LABEL_DERIVED
MFDS_STANDARD_PROCESSED,P123-206020300-0069,RECOMMENDABLE,"",2026-06-30,http://www.haccp.or.kr/fresh/prdimg/1999/19990364158491/19990364158491-1.jpg,"우유,대두,밀,닭고기",true,FOODQR,LABEL_DERIVED
MFDS_STANDARD_PROCESSED,P101-415000400-0149,RECOMMENDABLE_WITH_CAUTION,나트륨/포화지방 주의,2026-06-30,http://www.haccp.or.kr/fresh/prdimg/1997/19970311100139/19970311100139-1.jpg,"우유,대두,밀,쇠고기",true,FOODQR,LABEL_DERIVED
MFDS_STANDARD_PROCESSED,P116-708070200-0027,RECOMMENDABLE,"",2026-06-30,http://www.haccp.or.kr/fresh/prdimg/1983/1983019002099/1983019002099-1.jpg,"우유,대두,밀",true,FOODQR,LABEL_DERIVED
MFDS_STANDARD_PROCESSED,P116-708070200-0026,RECOMMENDABLE,"",2026-06-30,http://www.haccp.or.kr/fresh/prdimg/1996/1996008035916/1996008035916-1.jpg,밀,true,FOODQR,LABEL_DERIVED
MFDS_STANDARD_PROCESSED,P123-206020300-0072,RECOMMENDABLE,"",2026-06-30,http://www.haccp.or.kr/fresh/prdimg/1972/197202880023236/197202880023236-1.jpg,"우유,대두,밀,닭고기",true,FOODQR,LABEL_DERIVED
MFDS_STANDARD_PROCESSED,P124-200020000-0075,RECOMMENDABLE_WITH_CAUTION,당류 주의,2026-06-30,http://www.haccp.or.kr/fresh/prdimg/2013/201303580343/201303580343-1.jpg,"난류,우유,대두,밀",true,FOODQR,LABEL_DERIVED
MFDS_STANDARD_PROCESSED,P101-103000400-0718,RECOMMENDABLE,"",2026-06-30,http://www.haccp.or.kr/fresh/prdimg/1996/19960375066286/19960375066286-1.jpg,"대두,밀",true,FOODQR,LABEL_DERIVED
MFDS_STANDARD_PROCESSED,P117-201020100-0306,RECOMMENDABLE,"",2026-06-30,http://www.haccp.or.kr/fresh/prdimg/2008/2008040501598/2008040501598-1.jpg,"난류,우유,대두,밀,돼지고기,쇠고기",true,FOODQR,LABEL_DERIVED
MFDS_STANDARD_PROCESSED,P116-708070200-0028,RECOMMENDABLE,"",2026-06-30,http://www.haccp.or.kr/fresh/prdimg/1996/19960080359722/19960080359722-1.jpg,"우유,대두,밀,쇠고기",true,FOODQR,LABEL_DERIVED
MFDS_STANDARD_PROCESSED,P118-100010700-0223,RECOMMENDABLE,"",2026-06-30,http://www.haccp.or.kr/fresh/prdimg/2004/2004026203238/2004026203238-1.jpg,"난류,우유,대두,밀,돼지고기,쇠고기",true,FOODQR,LABEL_DERIVED
MFDS_STANDARD_PROCESSED,P108-003000400-0101,RECOMMENDABLE_WITH_CAUTION,나트륨 주의,2026-06-30,http://www.haccp.or.kr/fresh/prdimg/1986/19860309018734/19860309018734-1.jpg,"난류,우유,대두,밀,돼지고기,닭고기,쇠고기,조개류",true,FOODQR,LABEL_DERIVED
MFDS_STANDARD_PROCESSED,P108-009000400-0210,RECOMMENDABLE,"",2026-06-30,http://www.haccp.or.kr/fresh/prdimg/1971/1971048700257/1971048700257-1.jpg,"난류,우유,대두,밀,닭고기,쇠고기",true,FOODQR,LABEL_DERIVED
MFDS_STANDARD_PROCESSED,P108-009000400-0194,RECOMMENDABLE,"",2026-06-30,http://www.haccp.or.kr/fresh/prdimg/1971/1971048700257/1971048700257-1.jpg,"난류,우유,대두,밀,닭고기,쇠고기",true,FOODQR,LABEL_DERIVED
MFDS_STANDARD_PROCESSED,P108-009000400-0021,RECOMMENDABLE,"",2026-06-30,http://www.haccp.or.kr/fresh/prdimg/1971/1971048700257/1971048700257-1.jpg,"난류,우유,대두,밀,닭고기,쇠고기",true,FOODQR,LABEL_DERIVED
MFDS_STANDARD_PROCESSED,P108-009000400-0125,RECOMMENDABLE,"",2026-06-30,http://www.haccp.or.kr/fresh/prdimg/1971/1971048700257/1971048700257-1.jpg,"난류,우유,대두,밀,닭고기,쇠고기",true,FOODQR,LABEL_DERIVED
MFDS_STANDARD_PROCESSED,P119-202040200-0179,RECOMMENDABLE,"",2026-06-30,http://www.haccp.or.kr/fresh/prdimg/2008/20080502002284/20080502002284-1.jpg,우유,true,FOODQR,LABEL_DERIVED
MFDS_STANDARD_PROCESSED,P117-100010300-0100,RECOMMENDABLE,"",2026-06-30,http://www.haccp.or.kr/fresh/prdimg/1983/19830262001102/19830262001102-1.jpg,"난류,우유,대두,밀,돼지고기,닭고기,쇠고기",true,FOODQR,LABEL_DERIVED
MFDS_STANDARD_PROCESSED,P117-100010300-0099,RECOMMENDABLE,"",2026-06-30,http://www.haccp.or.kr/fresh/prdimg/1993/19930607450101/19930607450101-1.jpg,"난류,우유,대두,밀,돼지고기,닭고기,쇠고기",true,FOODQR,LABEL_DERIVED
MFDS_STANDARD_PROCESSED,P108-013000300-0007,RECOMMENDABLE,"",2026-06-30,http://www.haccp.or.kr/fresh/prdimg/2012/201204870218/201204870218-1.jpg,밀,true,FOODQR,LABEL_DERIVED
MFDS_STANDARD_PROCESSED,P117-100010200-0047,RECOMMENDABLE,"",2026-06-30,http://www.haccp.or.kr/fresh/prdimg/1998/19980262034120/19980262034120-1.jpg,"난류,우유,대두,밀,돼지고기,조개류",true,FOODQR,LABEL_DERIVED
MFDS_STANDARD_PROCESSED,P108-001000300-0056,RECOMMENDABLE,"",2026-06-30,http://www.haccp.or.kr/fresh/prdimg/2012/201204870212/201204870212-1.jpg,밀,true,FOODQR,LABEL_DERIVED
MFDS_STANDARD_PROCESSED,P120-104010400-0121,RECOMMENDABLE,"",2026-06-30,http://www.haccp.or.kr/fresh/prdimg/1988/1988031100286/1988031100286-1.jpg,밀,true,FOODQR,LABEL_DERIVED
MFDS_STANDARD_PROCESSED,P120-104010400-1778,RECOMMENDABLE,"",2026-06-30,http://www.haccp.or.kr/fresh/prdimg/1988/1988031100286/1988031100286-1.jpg,밀,true,FOODQR,LABEL_DERIVED
MFDS_STANDARD_PROCESSED,P120-104010400-2306,RECOMMENDABLE,"",2026-06-30,http://www.haccp.or.kr/fresh/prdimg/1963/1963014400234/1963014400234-1.jpg,"대두,밀",true,FOODQR,LABEL_DERIVED
MFDS_STANDARD_PROCESSED,P120-104010400-0116,RECOMMENDABLE,"",2026-06-30,http://www.haccp.or.kr/fresh/prdimg/1988/19880311002333/19880311002333-1.jpg,"대두,밀",true,FOODQR,LABEL_DERIVED
MFDS_STANDARD_PROCESSED,P120-104010400-0119,RECOMMENDABLE,"",2026-06-30,http://www.haccp.or.kr/fresh/prdimg/1990/19900275002276/19900275002276-1.jpg,"우유,대두,밀,쇠고기",true,FOODQR,LABEL_DERIVED
MFDS_STANDARD_PROCESSED,P120-104010400-0111,RECOMMENDABLE,"",2026-06-30,http://www.haccp.or.kr/fresh/prdimg/1988/19880311002113/19880311002113-1.jpg,"대두,밀",true,FOODQR,LABEL_DERIVED
MFDS_STANDARD_PROCESSED,P120-104010400-0109,RECOMMENDABLE,"",2026-06-30,http://www.haccp.or.kr/fresh/prdimg/2008/20080614050155/20080614050155-1.jpg,"대두,밀",true,FOODQR,LABEL_DERIVED
MFDS_STANDARD_PROCESSED,P120-104010400-2305,RECOMMENDABLE,"",2026-06-30,http://www.haccp.or.kr/fresh/prdimg/2008/20080614050155/20080614050155-1.jpg,"대두,밀",true,FOODQR,LABEL_DERIVED
MFDS_STANDARD_PROCESSED,P117-201020100-0299,RECOMMENDABLE,"",2026-06-30,http://www.haccp.or.kr/fresh/prdimg/1983/19830262001353/19830262001353-1.jpg,"우유,대두,밀,돼지고기,쇠고기",true,FOODQR,LABEL_DERIVED
MFDS_STANDARD_PROCESSED,P118-100010700-0222,RECOMMENDABLE,"",2026-06-30,http://www.haccp.or.kr/fresh/prdimg/2004/2004026203248/2004026203248-1.jpg,"난류,우유,대두,밀,돼지고기,쇠고기",true,FOODQR,LABEL_DERIVED
MFDS_STANDARD_PROCESSED,P101-106000100-0841,RECOMMENDABLE,"",2026-06-30,http://www.haccp.or.kr/fresh/prdimg/1994/199403620434/199403620434-1.jpg,"대두,밀",true,FOODQR,LABEL_DERIVED
MFDS_STANDARD_PROCESSED,P106-001000100-0094,RECOMMENDABLE,"",2026-06-30,http://www.haccp.or.kr/fresh/prdimg/2002/20020614263121/20020614263121-1.jpg,대두,true,FOODQR,LABEL_DERIVED
MFDS_STANDARD_PROCESSED,P108-003000400-0096,RECOMMENDABLE_WITH_CAUTION,나트륨 주의,2026-06-30,http://www.haccp.or.kr/fresh/prdimg/1986/19860360007327/19860360007327-1.jpg,"난류,우유,대두,밀,돼지고기,토마토,닭고기,쇠고기,조개류",true,FOODQR,LABEL_DERIVED
MFDS_STANDARD_PROCESSED,P106-001000100-0240,RECOMMENDABLE,"",2026-06-30,http://www.haccp.or.kr/fresh/prdimg/2008/2008054327470/2008054327470-1.jpg,대두,true,FOODQR,LABEL_DERIVED
MFDS_STANDARD_PROCESSED,P101-103000100-1744,RECOMMENDABLE,"",2026-06-30,http://www.haccp.or.kr/fresh/prdimg/2002/2002046712764/2002046712764-1.jpg,"우유,대두,밀,아황산류",true,FOODQR,LABEL_DERIVED
MFDS_STANDARD_PROCESSED,P101-103000400-0676,RECOMMENDABLE,"",2026-06-30,http://www.haccp.or.kr/fresh/prdimg/2002/2002046712747/2002046712747-1.jpg,"우유,대두,밀,아황산류",true,FOODQR,LABEL_DERIVED
MFDS_STANDARD_PROCESSED,P101-106000100-3099,RECOMMENDABLE,"",2026-06-30,http://www.haccp.or.kr/fresh/prdimg/2002/2002046712747/2002046712747-1.jpg,"우유,대두,밀,아황산류",true,FOODQR,LABEL_DERIVED
MFDS_STANDARD_PROCESSED,P101-106000100-7077,RECOMMENDABLE,"",2026-06-30,http://www.haccp.or.kr/fresh/prdimg/2002/2002046712747/2002046712747-1.jpg,"우유,대두,밀,아황산류",true,FOODQR,LABEL_DERIVED
MFDS_STANDARD_PROCESSED,P117-201020100-0285,RECOMMENDABLE,"",2026-06-30,http://www.haccp.or.kr/fresh/prdimg/1995/1995026200613/1995026200613-1.jpg,"난류,우유,돼지고기",true,FOODQR,LABEL_DERIVED
MFDS_STANDARD_PROCESSED,P103-102020500-0142,RECOMMENDABLE,"",2026-06-30,http://www.haccp.or.kr/fresh/prdimg/1991/19910227021773/19910227021773-1.jpg,"난류,우유,대두,밀",true,FOODQR,LABEL_DERIVED
MFDS_STANDARD_PROCESSED,P101-106000100-0812,RECOMMENDABLE_WITH_CAUTION,포화지방 주의,2026-06-30,http://www.haccp.or.kr/fresh/prdimg/1991/19910461077167/19910461077167-1.jpg,"난류,우유,밀",true,FOODQR,LABEL_DERIVED
MFDS_STANDARD_PROCESSED,P109-500050200-0057,RECOMMENDABLE,"",2026-06-30,http://www.haccp.or.kr/fresh/prdimg/1984/19840415001253/19840415001253-1.jpg,"땅콩,대두,호두",true,FOODQR,LABEL_DERIVED
MFDS_STANDARD_PROCESSED,P110-600060000-0001,RECOMMENDABLE,"",2026-06-30,http://www.haccp.or.kr/fresh/prdimg/1984/19840415001340/19840415001340-1.jpg,대두,true,FOODQR,LABEL_DERIVED
MFDS_STANDARD_PROCESSED,P109-500050200-0054,RECOMMENDABLE,"",2026-06-30,http://www.haccp.or.kr/fresh/prdimg/1984/19840415001263/19840415001263-1.jpg,대두,true,FOODQR,LABEL_DERIVED
MFDS_STANDARD_PROCESSED,P109-500050200-0140,RECOMMENDABLE,"",2026-06-30,http://www.haccp.or.kr/fresh/prdimg/1984/19840415001321/19840415001321-1.jpg,"땅콩,대두,호두",true,FOODQR,LABEL_DERIVED
MFDS_STANDARD_PROCESSED,P109-500050200-0053,RECOMMENDABLE,"",2026-06-30,http://www.haccp.or.kr/fresh/prdimg/1984/19840415001264/19840415001264-1.jpg,대두,true,FOODQR,LABEL_DERIVED
MFDS_STANDARD_PROCESSED,P109-500050200-0052,RECOMMENDABLE,"",2026-06-30,http://www.haccp.or.kr/fresh/prdimg/1984/19840415001297/19840415001297-1.jpg,대두,true,FOODQR,LABEL_DERIVED
MFDS_STANDARD_PROCESSED,P109-500050200-0050,RECOMMENDABLE,"",2026-06-30,http://www.haccp.or.kr/fresh/prdimg/1984/1984041500155/1984041500155-1.jpg,대두,true,FOODQR,LABEL_DERIVED
MFDS_STANDARD_PROCESSED,P101-106000100-0810,RECOMMENDABLE,"",2026-06-30,http://www.haccp.or.kr/fresh/prdimg/2006/2006024237633/2006024237633-1.jpg,"난류,우유,대두,밀",true,FOODQR,LABEL_DERIVED
MFDS_STANDARD_PROCESSED,P108-011000200-0064,RECOMMENDABLE,"",2026-06-30,http://www.haccp.or.kr/fresh/prdimg/1988/1988044500944/1988044500944-1.jpg,"대두,밀",true,FOODQR,LABEL_DERIVED
MFDS_STANDARD_PROCESSED,P108-003000400-0126,RECOMMENDABLE_WITH_CAUTION,나트륨 주의,2026-06-30,http://www.haccp.or.kr/fresh/prdimg/1988/19880383127920/19880383127920-1.jpg,"난류,우유,대두,밀,돼지고기,쇠고기",true,FOODQR,LABEL_DERIVED
MFDS_STANDARD_PROCESSED,P108-003000400-0122,RECOMMENDABLE_WITH_CAUTION,나트륨 주의,2026-06-30,http://www.haccp.or.kr/fresh/prdimg/2012/20120512055135/20120512055135-1.jpg,"우유,땅콩,대두,밀,게,새우,돼지고기,닭고기,쇠고기,오징어,조개류",true,FOODQR,LABEL_DERIVED
MFDS_STANDARD_PROCESSED,P117-300030000-0016,RECOMMENDABLE,"",2026-06-30,http://www.haccp.or.kr/fresh/prdimg/2013/2013040504579/2013040504579-1.jpg,돼지고기,true,FOODQR,LABEL_DERIVED
MFDS_STANDARD_PROCESSED,P117-300030000-0074,RECOMMENDABLE,"",2026-06-30,http://www.haccp.or.kr/fresh/prdimg/2008/20080405015143/20080405015143-1.jpg,돼지고기,true,FOODQR,LABEL_DERIVED
MFDS_STANDARD_PROCESSED,P110-300030000-0010,RECOMMENDABLE,"",2026-06-30,http://www.haccp.or.kr/fresh/prdimg/1998/19980449002582/19980449002582-1.jpg,대두,true,FOODQR,LABEL_DERIVED
MFDS_STANDARD_PROCESSED,P110-300030000-0009,RECOMMENDABLE,"",2026-06-30,http://www.haccp.or.kr/fresh/prdimg/1998/19980449002581/19980449002581-1.jpg,대두,true,FOODQR,LABEL_DERIVED
MFDS_STANDARD_PROCESSED,P123-204020300-0141,RECOMMENDABLE,"",2026-06-30,http://www.haccp.or.kr/fresh/prdimg/2007/20070355030280/20070355030280-1.jpg,"난류,우유,대두,밀,돼지고기,쇠고기",true,FOODQR,LABEL_DERIVED
MFDS_STANDARD_PROCESSED,P101-415000400-0842,RECOMMENDABLE_WITH_CAUTION,포화지방 주의,2026-06-30,http://www.haccp.or.kr/fresh/prdimg/2009/2009020009667/2009020009667-1.jpg,"우유,대두,밀,돼지고기,토마토",true,FOODQR,LABEL_DERIVED
MFDS_STANDARD_PROCESSED,P119-401040100-0097,RECOMMENDABLE,"",2026-06-30,http://www.haccp.or.kr/fresh/prdimg/2012/201204760062/201204760062-1.jpg,우유,true,FOODQR,LABEL_DERIVED
MFDS_STANDARD_PROCESSED,P101-405000400-8868,RECOMMENDABLE,"",2026-06-30,http://www.haccp.or.kr/fresh/prdimg/1993/199301880911745/199301880911745-1.jpg,"난류,우유,대두,밀",true,FOODQR,LABEL_DERIVED
MFDS_STANDARD_PROCESSED,P120-104010400-1915,RECOMMENDABLE,"",2026-06-30,http://www.haccp.or.kr/fresh/prdimg/2011/2011014437041/2011014437041-1.jpg,"대두,밀",true,FOODQR,LABEL_DERIVED
MFDS_STANDARD_PROCESSED,P103-102020500-0170,RECOMMENDABLE_WITH_CAUTION,포화지방 주의,2026-06-30,http://www.haccp.or.kr/fresh/prdimg/1991/19910227021716/19910227021716-1.jpg,"우유,대두,밀",true,FOODQR,LABEL_DERIVED
MFDS_STANDARD_PROCESSED,P103-101020200-0163,RECOMMENDABLE,"",2026-06-30,http://www.haccp.or.kr/fresh/prdimg/1973/197303470031005/197303470031005-1.jpg,"우유,대두",true,FOODQR,LABEL_DERIVED
MFDS_STANDARD_PROCESSED,P101-106000100-7164,RECOMMENDABLE,"",2026-06-30,http://www.haccp.or.kr/fresh/prdimg/2006/200602423765/200602423765-1.jpg,"난류,우유,대두,밀",true,FOODQR,LABEL_DERIVED
MFDS_STANDARD_PROCESSED,P101-106000100-0785,RECOMMENDABLE,"",2026-06-30,http://www.haccp.or.kr/fresh/prdimg/2006/200602423765/200602423765-1.jpg,"난류,우유,대두,밀",true,FOODQR,LABEL_DERIVED
MFDS_STANDARD_PROCESSED,P101-405000400-0942,RECOMMENDABLE,"",2026-06-30,http://www.haccp.or.kr/fresh/prdimg/1993/199301880911745/199301880911745-1.jpg,"난류,우유,대두,밀",true,FOODQR,LABEL_DERIVED
MFDS_STANDARD_PROCESSED,P102-103010300-0188,RECOMMENDABLE,"",2026-06-30,http://www.haccp.or.kr/fresh/prdimg/2006/20060379004114/20060379004114-1.jpg,우유,true,FOODQR,LABEL_DERIVED
