queue_rank,review_lane,brand_candidate_rows,brand_item_rank,food_catalog_id,source,food_code,brand_or_maker,name_ko,category,recommendation_status,serving_size_g,serving_reference,calories_per_100g,protein_per_100g,carbs_per_100g,fat_per_100g,sodium_per_100g_mg,sugars_per_100g,saturated_fat_per_100g,source_detail,review_source_url,allergen_tags,allergen_profile_verified,allergen_data_source,allergen_confidence_level
1,BRAND_OFFICIAL_ALLERGEN_TABLE_REQUIRED,347,1,24339,MFDS_FOOD_NUTRIENT_DB,D202-120000000-0265,도미노피자,뉴욕 오리진 피자 오리지널 (L),OTHER,RECOMMENDABLE,100,100g,251,12.73,20.04,13.33,507,3.08,,FoodNtrCpntDbInfo02,"","",false,BRAND_OFFICIAL,LABEL_DERIVED
2,BRAND_OFFICIAL_ALLERGEN_TABLE_REQUIRED,347,2,24547,MFDS_FOOD_NUTRIENT_DB,D202-120000000-0475,도미노피자,리얼불고기 피자 나폴리 (L),OTHER,RECOMMENDABLE,100,100g,253,12.19,28.75,9.94,501,5.6,,FoodNtrCpntDbInfo02,"","",false,BRAND_OFFICIAL,LABEL_DERIVED
3,BRAND_OFFICIAL_ALLERGEN_TABLE_REQUIRED,347,3,24548,MFDS_FOOD_NUTRIENT_DB,D202-120000000-0476,도미노피자,리얼불고기 피자 씬 (L),OTHER,RECOMMENDABLE,100,100g,273,12.54,23.87,14.12,514,6.35,,FoodNtrCpntDbInfo02,"","",false,BRAND_OFFICIAL,LABEL_DERIVED
4,BRAND_OFFICIAL_ALLERGEN_TABLE_REQUIRED,347,4,24549,MFDS_FOOD_NUTRIENT_DB,D202-120000000-0477,도미노피자,리얼불고기 피자 오리지널 (L),OTHER,RECOMMENDABLE,100,100g,251,12.34,31.93,8.2,457,4.65,,FoodNtrCpntDbInfo02,"","",false,BRAND_OFFICIAL,LABEL_DERIVED
5,BRAND_OFFICIAL_ALLERGEN_TABLE_REQUIRED,347,5,24768,MFDS_FOOD_NUTRIENT_DB,D202-120000000-0698,도미노피자,베이컨체더치즈 피자 나폴리 (L),OTHER,RECOMMENDABLE,100,100g,276,14.96,24.59,12.6,508,2.87,,FoodNtrCpntDbInfo02,"","",false,BRAND_OFFICIAL,LABEL_DERIVED
6,BRAND_OFFICIAL_ALLERGEN_TABLE_REQUIRED,347,6,24769,MFDS_FOOD_NUTRIENT_DB,D202-120000000-0699,도미노피자,베이컨체더치즈 피자 씬 (L),OTHER,RECOMMENDABLE,100,100g,310,15.71,18.03,19.46,575,3.31,,FoodNtrCpntDbInfo02,"","",false,BRAND_OFFICIAL,LABEL_DERIVED
7,BRAND_OFFICIAL_ALLERGEN_TABLE_REQUIRED,347,7,24770,MFDS_FOOD_NUTRIENT_DB,D202-120000000-0700,도미노피자,베이컨체더치즈 피자 오리지널 (L),OTHER,RECOMMENDABLE,100,100g,275,12.77,28.2,12.31,466,2.69,,FoodNtrCpntDbInfo02,"","",false,BRAND_OFFICIAL,LABEL_DERIVED
8,BRAND_OFFICIAL_ALLERGEN_TABLE_REQUIRED,347,8,24879,MFDS_FOOD_NUTRIENT_DB,D202-120000000-0811,도미노피자,블랙앵거스 스테이크 피자 오리지널 (L),OTHER,RECOMMENDABLE,100,100g,242,12,29.26,8.54,422,4,,FoodNtrCpntDbInfo02,"","",false,BRAND_OFFICIAL,LABEL_DERIVED
9,BRAND_OFFICIAL_ALLERGEN_TABLE_REQUIRED,347,9,24882,MFDS_FOOD_NUTRIENT_DB,D202-120000000-0814,도미노피자,블랙타이거슈림프 피자 오리지널 (L),OTHER,RECOMMENDABLE,100,100g,234,11,31.61,6.94,532,3,,FoodNtrCpntDbInfo02,"","",false,BRAND_OFFICIAL,LABEL_DERIVED
10,BRAND_OFFICIAL_ALLERGEN_TABLE_REQUIRED,347,10,24988,MFDS_FOOD_NUTRIENT_DB,D202-120000000-0921,도미노피자,슈퍼디럭스 피자 나폴리 (L),OTHER,RECOMMENDABLE,100,100g,226,11.55,21.7,10.34,503,2.37,,FoodNtrCpntDbInfo02,"","",false,BRAND_OFFICIAL,LABEL_DERIVED
11,LABEL_OR_FOODQR_REQUIRED,257,1,501,MFDS_STANDARD_PROCESSED,P123-305020300-0646,쿡베이스,고구마호박버섯진밥 밀키트(육수포함),PROCESSED,RECOMMENDABLE,300,100g,33,1,6.67,0.23,5,1.67,0,15100066,"","",false,FOODQR,LABEL_DERIVED
12,LABEL_OR_FOODQR_REQUIRED,257,2,502,MFDS_STANDARD_PROCESSED,P123-305020300-0645,쿡베이스,고구마호박버섯진밥 밀키트(베이직),PROCESSED,RECOMMENDABLE,150,100g,63,1.33,13.33,0,7,3.33,0,15100066,"","",false,FOODQR,LABEL_DERIVED
13,LABEL_OR_FOODQR_REQUIRED,257,3,503,MFDS_STANDARD_PROCESSED,P123-201020300-0365,쿡베이스,고구마호박버섯진밥 밀키트,PROCESSED,RECOMMENDABLE,375,210g,151,2.93,32.53,0.83,4,1.33,0.21,15100066,"","",false,FOODQR,LABEL_DERIVED
14,LABEL_OR_FOODQR_REQUIRED,257,4,673,MFDS_STANDARD_PROCESSED,P123-205020300-1866,쿡베이스,고구마닭죽 밀키트(쌀제외/2식),PROCESSED,RECOMMENDABLE,50,250ml(g),120,10,18,0,30,0.2,0,15100066,"","",false,FOODQR,LABEL_DERIVED
15,LABEL_OR_FOODQR_REQUIRED,257,5,675,MFDS_STANDARD_PROCESSED,P123-205020300-1865,쿡베이스,고구마닭죽 밀키트(2회분),PROCESSED,RECOMMENDABLE,70,250ml(g),186,8.57,35.72,1,21,0,0,15100066,"","",false,FOODQR,LABEL_DERIVED
16,LABEL_OR_FOODQR_REQUIRED,257,6,695,MFDS_STANDARD_PROCESSED,P123-205020300-0077,쿡베이스,고구마단호박죽밀키트(쌀제외),PROCESSED,RECOMMENDABLE,180,250ml(g),47,0.56,10.56,0,8,1.11,0,15100066,"","",false,FOODQR,LABEL_DERIVED
17,LABEL_OR_FOODQR_REQUIRED,257,7,697,MFDS_STANDARD_PROCESSED,P123-205020300-0076,쿡베이스,고구마단호박죽밀키트,PROCESSED,RECOMMENDABLE,235,250ml(g),117,2.13,25.96,0.6,6,1.28,0,15100066,"","",false,FOODQR,LABEL_DERIVED
18,LABEL_OR_FOODQR_REQUIRED,257,8,699,MFDS_STANDARD_PROCESSED,P123-205020300-0075,쿡베이스,고구마단호박양파죽밀키트(쌀제외),PROCESSED,RECOMMENDABLE,210,250ml(g),38,0.48,8.57,0,5,2.38,0,15100066,"","",false,FOODQR,LABEL_DERIVED
19,LABEL_OR_FOODQR_REQUIRED,257,9,701,MFDS_STANDARD_PROCESSED,P123-205020300-0074,쿡베이스,고구마단호박양파죽밀키트,PROCESSED,RECOMMENDABLE,285,250ml(g),119,2.11,25.96,0.67,4,1.75,0,15100066,"","",false,FOODQR,LABEL_DERIVED
20,LABEL_OR_FOODQR_REQUIRED,257,10,711,MFDS_STANDARD_PROCESSED,P123-205020300-0073,쿡베이스,고구마단호박당근죽밀키트(쌀제외),PROCESSED,RECOMMENDABLE,195,250ml(g),49,0.51,10.77,0,8,1.54,0,15100066,"","",false,FOODQR,LABEL_DERIVED
21,BRAND_OFFICIAL_ALLERGEN_TABLE_REQUIRED,208,1,20787,MFDS_FOOD_NUTRIENT_DB,D202-078000000-0011,파리바게뜨,우리쌀 막걸리로 만든 초당옥수수빵,OTHER,RECOMMENDABLE,100,100g,206,4.85,44.85,0.79,333,13.33,,FoodNtrCpntDbInfo02,"","",false,BRAND_OFFICIAL,LABEL_DERIVED
22,BRAND_OFFICIAL_ALLERGEN_TABLE_REQUIRED,208,2,20819,MFDS_FOOD_NUTRIENT_DB,D202-079000000-0004,파리바게뜨,쫀득쫀득한찰깨빵 (2개입),OTHER,RECOMMENDABLE,100,100g,373,3.64,63.64,12.73,664,7.27,,FoodNtrCpntDbInfo02,"","",false,BRAND_OFFICIAL,LABEL_DERIVED
23,BRAND_OFFICIAL_ALLERGEN_TABLE_REQUIRED,208,3,20820,MFDS_FOOD_NUTRIENT_DB,D202-079000000-0005,파리바게뜨,쫀득쫀득한찰깨빵,OTHER,RECOMMENDABLE,100,100g,373,3.64,63.64,12.73,655,7.27,,FoodNtrCpntDbInfo02,"","",false,BRAND_OFFICIAL,LABEL_DERIVED
24,BRAND_OFFICIAL_ALLERGEN_TABLE_REQUIRED,208,4,20835,MFDS_FOOD_NUTRIENT_DB,D202-082000000-0011,파리바게뜨,다크초코링도넛,OTHER,RECOMMENDABLE,100,100g,469,6.15,46.15,24.62,400,15.38,,FoodNtrCpntDbInfo02,"","",false,BRAND_OFFICIAL,LABEL_DERIVED
25,BRAND_OFFICIAL_ALLERGEN_TABLE_REQUIRED,208,5,20838,MFDS_FOOD_NUTRIENT_DB,D202-082000000-0015,파리바게뜨,달콤한 꿀도넛,OTHER,RECOMMENDABLE,100,100g,343,5.71,60,10.29,371,8.57,,FoodNtrCpntDbInfo02,"","",false,BRAND_OFFICIAL,LABEL_DERIVED
26,BRAND_OFFICIAL_ALLERGEN_TABLE_REQUIRED,208,6,20839,MFDS_FOOD_NUTRIENT_DB,D202-082000000-0016,파리바게뜨,달콤한꿀도넛 (3개입),OTHER,RECOMMENDABLE,100,100g,348,4.76,59.05,10.48,371,8.57,,FoodNtrCpntDbInfo02,"","",false,BRAND_OFFICIAL,LABEL_DERIVED
27,BRAND_OFFICIAL_ALLERGEN_TABLE_REQUIRED,208,7,20840,MFDS_FOOD_NUTRIENT_DB,D202-082000000-0017,파리바게뜨,달콤한꿀도넛 (4개입),OTHER,RECOMMENDABLE,100,100g,350,5,59.29,10,371,8.57,,FoodNtrCpntDbInfo02,"","",false,BRAND_OFFICIAL,LABEL_DERIVED
28,BRAND_OFFICIAL_ALLERGEN_TABLE_REQUIRED,208,8,20841,MFDS_FOOD_NUTRIENT_DB,D202-082000000-0018,파리바게뜨,달콤한꿀도넛 (5개입),OTHER,RECOMMENDABLE,100,100g,349,5.14,59.43,10.29,371,8.57,,FoodNtrCpntDbInfo02,"","",false,BRAND_OFFICIAL,LABEL_DERIVED
29,BRAND_OFFICIAL_ALLERGEN_TABLE_REQUIRED,208,9,20845,MFDS_FOOD_NUTRIENT_DB,D202-082000000-0022,파리바게뜨,돌돌말린소시지 도넛,OTHER,RECOMMENDABLE,100,100g,341,7.06,45.88,15.29,447,7.06,,FoodNtrCpntDbInfo02,"","",false,BRAND_OFFICIAL,LABEL_DERIVED
30,BRAND_OFFICIAL_ALLERGEN_TABLE_REQUIRED,208,10,20862,MFDS_FOOD_NUTRIENT_DB,D202-082000000-0040,파리바게뜨,미니찹쌀 도넛 (3개입),OTHER,RECOMMENDABLE,100,100g,395,4.76,72.38,9.52,390,17.14,,FoodNtrCpntDbInfo02,"","",false,BRAND_OFFICIAL,LABEL_DERIVED
31,BRAND_OFFICIAL_ALLERGEN_TABLE_REQUIRED,94,1,21392,MFDS_FOOD_NUTRIENT_DB,D202-087000000-0042,크로플덕오리아가씨,휘낭시에 로투스,OTHER,RECOMMENDABLE,100,100g,535,6.98,67.44,25.58,323,41.86,,FoodNtrCpntDbInfo02,"","",false,BRAND_OFFICIAL,LABEL_DERIVED
32,BRAND_OFFICIAL_ALLERGEN_TABLE_REQUIRED,94,2,21393,MFDS_FOOD_NUTRIENT_DB,D202-087000000-0043,크로플덕오리아가씨,휘낭시에 소보로,OTHER,RECOMMENDABLE,100,100g,526,6.98,65.12,25.58,267,39.53,,FoodNtrCpntDbInfo02,"","",false,BRAND_OFFICIAL,LABEL_DERIVED
33,BRAND_OFFICIAL_ALLERGEN_TABLE_REQUIRED,94,3,21394,MFDS_FOOD_NUTRIENT_DB,D202-087000000-0044,크로플덕오리아가씨,휘낭시에 소시지,OTHER,RECOMMENDABLE,100,100g,667,11.63,55.81,39.53,1067,37.21,,FoodNtrCpntDbInfo02,"","",false,BRAND_OFFICIAL,LABEL_DERIVED
34,BRAND_OFFICIAL_ALLERGEN_TABLE_REQUIRED,94,4,21395,MFDS_FOOD_NUTRIENT_DB,D202-087000000-0046,크로플덕오리아가씨,휘낭시에 약과,OTHER,RECOMMENDABLE,100,100g,572,6.98,72.09,25.58,281,39.53,,FoodNtrCpntDbInfo02,"","",false,BRAND_OFFICIAL,LABEL_DERIVED
35,BRAND_OFFICIAL_ALLERGEN_TABLE_REQUIRED,94,5,21396,MFDS_FOOD_NUTRIENT_DB,D202-087000000-0047,크로플덕오리아가씨,휘낭시에 오레오,OTHER,RECOMMENDABLE,100,100g,563,6.98,69.77,27.91,351,44.19,,FoodNtrCpntDbInfo02,"","",false,BRAND_OFFICIAL,LABEL_DERIVED
36,BRAND_OFFICIAL_ALLERGEN_TABLE_REQUIRED,94,6,21397,MFDS_FOOD_NUTRIENT_DB,D202-087000000-0048,크로플덕오리아가씨,휘낭시에 크림치즈,OTHER,RECOMMENDABLE,100,100g,509,6.98,55.81,27.91,323,34.88,,FoodNtrCpntDbInfo02,"","",false,BRAND_OFFICIAL,LABEL_DERIVED
37,BRAND_OFFICIAL_ALLERGEN_TABLE_REQUIRED,94,7,21398,MFDS_FOOD_NUTRIENT_DB,D202-087000000-0049,크로플덕오리아가씨,휘낭시에 플레인,OTHER,RECOMMENDABLE,100,100g,447,4.65,53.49,20.93,253,34.88,,FoodNtrCpntDbInfo02,"","",false,BRAND_OFFICIAL,LABEL_DERIVED
38,BRAND_OFFICIAL_ALLERGEN_TABLE_REQUIRED,94,8,21916,MFDS_FOOD_NUTRIENT_DB,D202-095000000-0066,크로플덕오리아가씨,베이글 먹물치즈,OTHER,RECOMMENDABLE,100,100g,249,9.52,49.52,1.43,547,6.67,,FoodNtrCpntDbInfo02,"","",false,BRAND_OFFICIAL,LABEL_DERIVED
39,BRAND_OFFICIAL_ALLERGEN_TABLE_REQUIRED,94,9,21917,MFDS_FOOD_NUTRIENT_DB,D202-095000000-0069,크로플덕오리아가씨,베이글 크랜베리·호두,OTHER,RECOMMENDABLE,100,100g,286,13.33,47.62,5.71,500,5.71,,FoodNtrCpntDbInfo02,"","",false,BRAND_OFFICIAL,LABEL_DERIVED
40,BRAND_OFFICIAL_ALLERGEN_TABLE_REQUIRED,94,10,21918,MFDS_FOOD_NUTRIENT_DB,D202-095000000-0070,크로플덕오리아가씨,베이글 플레인,OTHER,RECOMMENDABLE,100,100g,200,20.95,10.48,7.62,590,1.9,,FoodNtrCpntDbInfo02,"","",false,BRAND_OFFICIAL,LABEL_DERIVED
41,BRAND_OFFICIAL_ALLERGEN_TABLE_REQUIRED,68,1,20783,MFDS_FOOD_NUTRIENT_DB,D202-078000000-0007,롤링핀,롤링넛츠기타빵,OTHER,RECOMMENDABLE,100,100g,329,6,40.4,15.9,225,9.1,,FoodNtrCpntDbInfo02,"","",false,BRAND_OFFICIAL,LABEL_DERIVED
42,BRAND_OFFICIAL_ALLERGEN_TABLE_REQUIRED,68,2,20788,MFDS_FOOD_NUTRIENT_DB,D202-078000000-0012,롤링핀,카라멜아몬드,OTHER,RECOMMENDABLE,100,100g,450,10.7,45.8,24.9,256,12.1,,FoodNtrCpntDbInfo02,"","",false,BRAND_OFFICIAL,LABEL_DERIVED
43,BRAND_OFFICIAL_ALLERGEN_TABLE_REQUIRED,68,3,21367,MFDS_FOOD_NUTRIENT_DB,D202-087000000-0017,롤링핀,초코 마들렌,OTHER,RECOMMENDABLE,100,100g,418,6.5,42,24.9,210,17.4,,FoodNtrCpntDbInfo02,"","",false,BRAND_OFFICIAL,LABEL_DERIVED
44,BRAND_OFFICIAL_ALLERGEN_TABLE_REQUIRED,68,4,21380,MFDS_FOOD_NUTRIENT_DB,D202-087000000-0030,롤링핀,게랑트쇼콜라 (L),OTHER,RECOMMENDABLE,100,100g,536,4.7,62,29.9,481,37.3,,FoodNtrCpntDbInfo02,"","",false,BRAND_OFFICIAL,LABEL_DERIVED
45,BRAND_OFFICIAL_ALLERGEN_TABLE_REQUIRED,68,5,21381,MFDS_FOOD_NUTRIENT_DB,D202-087000000-0031,롤링핀,레몬 마들렌,OTHER,RECOMMENDABLE,100,100g,397,5.9,42.3,22.7,192,22.1,,FoodNtrCpntDbInfo02,"","",false,BRAND_OFFICIAL,LABEL_DERIVED
46,BRAND_OFFICIAL_ALLERGEN_TABLE_REQUIRED,68,6,21389,MFDS_FOOD_NUTRIENT_DB,D202-087000000-0039,롤링핀,캐러멜 마들렌,OTHER,RECOMMENDABLE,100,100g,394,5.6,45.1,21.2,183,23.2,,FoodNtrCpntDbInfo02,"","",false,BRAND_OFFICIAL,LABEL_DERIVED
47,BRAND_OFFICIAL_ALLERGEN_TABLE_REQUIRED,68,7,21457,MFDS_FOOD_NUTRIENT_DB,D202-090000000-0012,롤링핀,무화과크림 바게트,OTHER,RECOMMENDABLE,100,100g,405,5.8,44.9,22.5,253,14.6,,FoodNtrCpntDbInfo02,"","",false,BRAND_OFFICIAL,LABEL_DERIVED
48,BRAND_OFFICIAL_ALLERGEN_TABLE_REQUIRED,68,8,21485,MFDS_FOOD_NUTRIENT_DB,D202-090000000-0041,롤링핀,스위트깜빠뉴,OTHER,RECOMMENDABLE,100,100g,264,7.2,39.8,8.4,256,5.8,,FoodNtrCpntDbInfo02,"","",false,BRAND_OFFICIAL,LABEL_DERIVED
49,BRAND_OFFICIAL_ALLERGEN_TABLE_REQUIRED,68,9,21912,MFDS_FOOD_NUTRIENT_DB,D202-095000000-0062,롤링핀,무화과 크림치즈 베이글,OTHER,RECOMMENDABLE,100,100g,285,6.7,45.7,8.4,288,14,,FoodNtrCpntDbInfo02,"","",false,BRAND_OFFICIAL,LABEL_DERIVED
50,BRAND_OFFICIAL_ALLERGEN_TABLE_REQUIRED,68,10,21919,MFDS_FOOD_NUTRIENT_DB,D202-095000000-0071,롤링핀,베이컨갈릭크림치즈,OTHER,RECOMMENDABLE,100,100g,325,11,34.4,15.9,378,9.2,,FoodNtrCpntDbInfo02,"","",false,BRAND_OFFICIAL,LABEL_DERIVED
51,BRAND_OFFICIAL_ALLERGEN_TABLE_REQUIRED,57,1,29885,MFDS_FOOD_NUTRIENT_DB,D219-711000000-0001,배스킨라빈스,31요거트 아이스크림,DAIRY,RECOMMENDABLE,100,100g,172,4.35,26.96,5.22,58,22.61,,FoodNtrCpntDbInfo02,"","",false,BRAND_OFFICIAL,LABEL_DERIVED
52,BRAND_OFFICIAL_ALLERGEN_TABLE_REQUIRED,57,2,29889,MFDS_FOOD_NUTRIENT_DB,D219-711000000-0006,배스킨라빈스,그린티 아이스크림,DAIRY,RECOMMENDABLE,100,100g,213,4.35,23.48,11.3,63,17.39,,FoodNtrCpntDbInfo02,"","",false,BRAND_OFFICIAL,LABEL_DERIVED
53,BRAND_OFFICIAL_ALLERGEN_TABLE_REQUIRED,57,3,29895,MFDS_FOOD_NUTRIENT_DB,D219-711000000-0014,배스킨라빈스,뉴욕치즈 케이크 아이스크림,DAIRY,RECOMMENDABLE,100,100g,257,5.22,29.57,13.04,89,20,,FoodNtrCpntDbInfo02,"","",false,BRAND_OFFICIAL,LABEL_DERIVED
54,BRAND_OFFICIAL_ALLERGEN_TABLE_REQUIRED,57,4,29928,MFDS_FOOD_NUTRIENT_DB,D219-711000000-0057,배스킨라빈스,망고탱고 아이스크림,DAIRY,RECOMMENDABLE,100,100g,173,2.61,26.96,6.09,43,25.22,,FoodNtrCpntDbInfo02,"","",false,BRAND_OFFICIAL,LABEL_DERIVED
55,BRAND_OFFICIAL_ALLERGEN_TABLE_REQUIRED,57,5,29935,MFDS_FOOD_NUTRIENT_DB,D219-711000000-0065,배스킨라빈스,민트초콜릿칩 아이스크림,DAIRY,RECOMMENDABLE,100,100g,225,3.48,23.48,13.04,70,20,,FoodNtrCpntDbInfo02,"","",false,BRAND_OFFICIAL,LABEL_DERIVED
56,BRAND_OFFICIAL_ALLERGEN_TABLE_REQUIRED,57,6,29948,MFDS_FOOD_NUTRIENT_DB,D219-711000000-0082,배스킨라빈스,바닐라 아이스크림,DAIRY,RECOMMENDABLE,100,100g,214,3.48,22.61,12.17,64,18.26,,FoodNtrCpntDbInfo02,"","",false,BRAND_OFFICIAL,LABEL_DERIVED
57,BRAND_OFFICIAL_ALLERGEN_TABLE_REQUIRED,57,7,29951,MFDS_FOOD_NUTRIENT_DB,D219-711000000-0086,배스킨라빈스,바람과함께사라지다 아이스크림,DAIRY,RECOMMENDABLE,100,100g,234,3.48,29.57,11.3,83,21.74,,FoodNtrCpntDbInfo02,"","",false,BRAND_OFFICIAL,LABEL_DERIVED
58,BRAND_OFFICIAL_ALLERGEN_TABLE_REQUIRED,57,8,29953,MFDS_FOOD_NUTRIENT_DB,D219-711000000-0088,배스킨라빈스,베리베리스트로베리 아이스크림,DAIRY,RECOMMENDABLE,100,100g,198,2.61,23.48,10.43,60,20.87,,FoodNtrCpntDbInfo02,"","",false,BRAND_OFFICIAL,LABEL_DERIVED
59,BRAND_OFFICIAL_ALLERGEN_TABLE_REQUIRED,57,9,29978,MFDS_FOOD_NUTRIENT_DB,D219-711000000-0118,배스킨라빈스,슈팅스타 아이스크림,DAIRY,RECOMMENDABLE,100,100g,226,2.61,30.43,10.43,57,23.48,,FoodNtrCpntDbInfo02,"","",false,BRAND_OFFICIAL,LABEL_DERIVED
60,BRAND_OFFICIAL_ALLERGEN_TABLE_REQUIRED,57,10,29985,MFDS_FOOD_NUTRIENT_DB,D219-711000000-0126,배스킨라빈스,아몬드봉봉 아이스크림,DAIRY,RECOMMENDABLE,100,100g,271,4.35,32.17,13.91,82,22.61,,FoodNtrCpntDbInfo02,"","",false,BRAND_OFFICIAL,LABEL_DERIVED
61,BRAND_OFFICIAL_ALLERGEN_TABLE_REQUIRED,47,1,20756,MFDS_FOOD_NUTRIENT_DB,D201-059200000-0001,노모어피자,치즈오븐김치볶음밥,OTHER,RECOMMENDABLE,100,100g,160,8.29,16.5,6.36,678,1,,FoodNtrCpntDbInfo02,"","",false,BRAND_OFFICIAL,LABEL_DERIVED
62,BRAND_OFFICIAL_ALLERGEN_TABLE_REQUIRED,47,2,27512,MFDS_FOOD_NUTRIENT_DB,D202-120000000-4250,노모어피자,바질마스카포네뇨끼피자(L),OTHER,RECOMMENDABLE,100,100g,292,14.73,27.59,13.64,479,1.38,,FoodNtrCpntDbInfo02,"","",false,BRAND_OFFICIAL,LABEL_DERIVED
63,BRAND_OFFICIAL_ALLERGEN_TABLE_REQUIRED,47,3,27513,MFDS_FOOD_NUTRIENT_DB,D202-120000000-4251,노모어피자,바질마스카포네뇨끼피자(P),OTHER,RECOMMENDABLE,100,100g,292,14.73,27.59,13.64,479,1.38,,FoodNtrCpntDbInfo02,"","",false,BRAND_OFFICIAL,LABEL_DERIVED
64,BRAND_OFFICIAL_ALLERGEN_TABLE_REQUIRED,47,4,27514,MFDS_FOOD_NUTRIENT_DB,D202-120000000-4252,노모어피자,바질마스카포네뇨끼피자(R),OTHER,RECOMMENDABLE,100,100g,292,14.73,27.59,13.64,479,1.38,,FoodNtrCpntDbInfo02,"","",false,BRAND_OFFICIAL,LABEL_DERIVED
65,BRAND_OFFICIAL_ALLERGEN_TABLE_REQUIRED,47,5,27584,MFDS_FOOD_NUTRIENT_DB,D202-120000000-4322,노모어피자,베이컨하와이안피자(L),OTHER,RECOMMENDABLE,100,100g,233,11.72,26.87,8.73,400,3.91,,FoodNtrCpntDbInfo02,"","",false,BRAND_OFFICIAL,LABEL_DERIVED
66,BRAND_OFFICIAL_ALLERGEN_TABLE_REQUIRED,47,6,27585,MFDS_FOOD_NUTRIENT_DB,D202-120000000-4323,노모어피자,베이컨하와이안피자(P),OTHER,RECOMMENDABLE,100,100g,233,11.72,26.87,8.73,400,3.91,,FoodNtrCpntDbInfo02,"","",false,BRAND_OFFICIAL,LABEL_DERIVED
67,BRAND_OFFICIAL_ALLERGEN_TABLE_REQUIRED,47,7,27586,MFDS_FOOD_NUTRIENT_DB,D202-120000000-4324,노모어피자,베이컨하와이안피자(R),OTHER,RECOMMENDABLE,100,100g,233,11.72,26.87,8.73,400,3.91,,FoodNtrCpntDbInfo02,"","",false,BRAND_OFFICIAL,LABEL_DERIVED
68,BRAND_OFFICIAL_ALLERGEN_TABLE_REQUIRED,47,8,27704,MFDS_FOOD_NUTRIENT_DB,D202-120000000-4442,노모어피자,스윗고구마피자(L),OTHER,RECOMMENDABLE,100,100g,247,11.19,28.3,9.85,448,8.8,,FoodNtrCpntDbInfo02,"","",false,BRAND_OFFICIAL,LABEL_DERIVED
69,BRAND_OFFICIAL_ALLERGEN_TABLE_REQUIRED,47,9,27705,MFDS_FOOD_NUTRIENT_DB,D202-120000000-4443,노모어피자,스윗고구마피자(P),OTHER,RECOMMENDABLE,100,100g,247,11.19,28.3,9.85,448,8.8,,FoodNtrCpntDbInfo02,"","",false,BRAND_OFFICIAL,LABEL_DERIVED
70,BRAND_OFFICIAL_ALLERGEN_TABLE_REQUIRED,47,10,27706,MFDS_FOOD_NUTRIENT_DB,D202-120000000-4444,노모어피자,스윗고구마피자(R),OTHER,RECOMMENDABLE,100,100g,247,11.19,28.3,9.85,448,8.8,,FoodNtrCpntDbInfo02,"","",false,BRAND_OFFICIAL,LABEL_DERIVED
71,LABEL_OR_FOODQR_REQUIRED,42,1,542,MFDS_STANDARD_PROCESSED,P110-400040000-3027,주식회사 플라잉닥터 제2공장,고구마팽이죽,PROCESSED,RECOMMENDABLE,200,100g,73,1.5,16.5,0.2,8,1,0.05,15100066,"","",false,FOODQR,LABEL_DERIVED
72,LABEL_OR_FOODQR_REQUIRED,42,2,683,MFDS_STANDARD_PROCESSED,P110-400040000-3272,주식회사 플라잉닥터 제2공장,고구마닭가슴죽,PROCESSED,RECOMMENDABLE,200,100g,75,4.5,13,0.3,8,0.4,0.1,15100066,"","",false,FOODQR,LABEL_DERIVED
73,LABEL_OR_FOODQR_REQUIRED,42,3,747,MFDS_STANDARD_PROCESSED,P110-400040000-3522,주식회사 플라잉닥터 제2공장,고구마김가루돈육밥,PROCESSED,RECOMMENDABLE,200,100g,98,5,17.5,0.7,15,0.5,0.25,15100066,"","",false,FOODQR,LABEL_DERIVED
74,LABEL_OR_FOODQR_REQUIRED,42,4,785,MFDS_STANDARD_PROCESSED,P110-400040000-3521,주식회사 플라잉닥터 제2공장,고구마가지돈육밥,PROCESSED,RECOMMENDABLE,200,100g,100,5,18,0.7,15,1,0.25,15100066,"","",false,FOODQR,LABEL_DERIVED
75,LABEL_OR_FOODQR_REQUIRED,42,5,2000,MFDS_STANDARD_PROCESSED,P110-400040000-3256,주식회사 플라잉닥터 제2공장,가지닭가슴죽,PROCESSED,RECOMMENDABLE,200,100g,70,4.5,12,0.3,8,0.2,0.1,15100066,"","",false,FOODQR,LABEL_DERIVED
76,LABEL_OR_FOODQR_REQUIRED,42,6,2001,MFDS_STANDARD_PROCESSED,P110-400040000-3517,주식회사 플라잉닥터 제2공장,가지닭가슴밥,PROCESSED,RECOMMENDABLE,200,100g,95,5,18,0.4,13,0.5,0.1,15100066,"","",false,FOODQR,LABEL_DERIVED
77,LABEL_OR_FOODQR_REQUIRED,42,7,2007,MFDS_STANDARD_PROCESSED,P110-400040000-3435,주식회사 플라잉닥터 제2공장,가지알배추한우밥,PROCESSED,RECOMMENDABLE,200,100g,105,4.5,16.5,2.35,10,0.5,0.75,15100066,"","",false,FOODQR,LABEL_DERIVED
78,LABEL_OR_FOODQR_REQUIRED,42,8,2009,MFDS_STANDARD_PROCESSED,P110-400040000-3434,주식회사 플라잉닥터 제2공장,가지새송이한우밥,PROCESSED,RECOMMENDABLE,200,100g,108,4.5,17,2.35,10,0.5,0.75,15100066,"","",false,FOODQR,LABEL_DERIVED
79,LABEL_OR_FOODQR_REQUIRED,42,9,2010,MFDS_STANDARD_PROCESSED,P110-400040000-3433,주식회사 플라잉닥터 제2공장,가지새송이닭가슴밥,PROCESSED,RECOMMENDABLE,200,100g,95,5,17.5,0.4,13,1,0.1,15100066,"","",false,FOODQR,LABEL_DERIVED
80,LABEL_OR_FOODQR_REQUIRED,42,10,2025,MFDS_STANDARD_PROCESSED,P110-400040000-3257,주식회사 플라잉닥터 제2공장,가지무닭가슴무른밥,PROCESSED,RECOMMENDABLE,240,100g,83,5,15.42,0.38,15,0.42,0.13,15100066,"","",false,FOODQR,LABEL_DERIVED
81,LABEL_OR_FOODQR_REQUIRED,40,1,568,MFDS_STANDARD_PROCESSED,P123-212020200-0504,(주)현대그린푸드스마트푸드센터,고기덮밥소스 세트,PROCESSED,RECOMMENDABLE,220,100g,126,9.09,11.27,4.91,311,2.86,1.23,15100066,"","",false,FOODQR,LABEL_DERIVED
82,LABEL_OR_FOODQR_REQUIRED,40,2,927,MFDS_STANDARD_PROCESSED,P123-227020300-0204,(주)현대그린푸드스마트푸드센터,고기듬뿍일본식카레,PROCESSED,RECOMMENDABLE,150,100g,133,9.54,8.45,6.82,417,0,2.18,15100066,"","",false,FOODQR,LABEL_DERIVED
83,LABEL_OR_FOODQR_REQUIRED,40,3,930,MFDS_STANDARD_PROCESSED,P123-212020200-0505,(주)현대그린푸드스마트푸드센터,고기듬뿍유산슬 세트(W),PROCESSED,RECOMMENDABLE,210,100g,147,7.43,16.19,5.81,475,5.43,1.05,15100066,"","",false,FOODQR,LABEL_DERIVED
84,LABEL_OR_FOODQR_REQUIRED,40,4,1044,MFDS_STANDARD_PROCESSED,P123-226020200-1312,(주)현대그린푸드스마트푸드센터,고추바삭치킨샐러드,PROCESSED,RECOMMENDABLE,242,100g,145,8.31,13.06,6.65,198,3.26,0.99,15100066,"","",false,FOODQR,LABEL_DERIVED
85,LABEL_OR_FOODQR_REQUIRED,40,5,1105,MFDS_STANDARD_PROCESSED,P123-201020200-0711,(주)현대그린푸드스마트푸드센터,고추김자반양념밥,PROCESSED,RECOMMENDABLE,188,210g,174,3.3,31.17,3.99,420,4.1,0.69,15100066,"","",false,FOODQR,LABEL_DERIVED
86,LABEL_OR_FOODQR_REQUIRED,40,6,1118,MFDS_STANDARD_PROCESSED,P114-300030000-0862,(주)현대그린푸드스마트푸드센터,갈치무조림,PROCESSED,RECOMMENDABLE,725,100g,123,8.11,14.37,3.68,566,5.42,0.19,15100066,"","",false,FOODQR,LABEL_DERIVED
87,LABEL_OR_FOODQR_REQUIRED,40,7,1124,MFDS_STANDARD_PROCESSED,P123-305020200-0226,(주)현대그린푸드스마트푸드센터,감바스&폭찹 세트,PROCESSED,RECOMMENDABLE,310,100g,153,6.45,16.2,6.94,350,2.9,1.9,15100066,"","",false,FOODQR,LABEL_DERIVED
88,LABEL_OR_FOODQR_REQUIRED,40,8,1171,MFDS_STANDARD_PROCESSED,P111-000030300-0091,(주)현대그린푸드스마트푸드센터,고등어솥밥 세트,PROCESSED,RECOMMENDABLE,371,100g,170,8.6,20,6.23,293,0.84,1.35,15100066,"","",false,FOODQR,LABEL_DERIVED
89,LABEL_OR_FOODQR_REQUIRED,40,9,1377,MFDS_STANDARD_PROCESSED,P123-212020300-1211,(주)현대그린푸드스마트푸드센터,고등어구이/돈육김치볶음 주찬세트,PROCESSED,RECOMMENDABLE,180,100g,227,14.22,8.72,15,418,5.39,3.56,15100066,"","",false,FOODQR,LABEL_DERIVED
90,LABEL_OR_FOODQR_REQUIRED,40,10,1383,MFDS_STANDARD_PROCESSED,P123-210020300-0560,(주)현대그린푸드스마트푸드센터,고등어고사리조림,PROCESSED,RECOMMENDABLE,370,100g,172,11.14,13.19,8.33,440,4.87,2.27,15100066,"","",false,FOODQR,LABEL_DERIVED
91,BRAND_OFFICIAL_ALLERGEN_TABLE_REQUIRED,40,1,20758,MFDS_FOOD_NUTRIENT_DB,D202-074000000-0001,요거트아이스크림의 정석,요아정 고구마크림 찹쌀떡,OTHER,RECOMMENDABLE,100,100g,238,2.5,45,5.5,225,7.5,,FoodNtrCpntDbInfo02,"","",false,BRAND_OFFICIAL,LABEL_DERIVED
92,BRAND_OFFICIAL_ALLERGEN_TABLE_REQUIRED,40,2,20759,MFDS_FOOD_NUTRIENT_DB,D202-074000000-0002,요거트아이스크림의 정석,요아정 딸기요거트크림 찹쌀떡,OTHER,RECOMMENDABLE,100,100g,238,2.5,45,5.25,200,7.5,,FoodNtrCpntDbInfo02,"","",false,BRAND_OFFICIAL,LABEL_DERIVED
93,BRAND_OFFICIAL_ALLERGEN_TABLE_REQUIRED,40,3,20760,MFDS_FOOD_NUTRIENT_DB,D202-074000000-0003,요거트아이스크림의 정석,요아정 쑥팥크림 찹쌀떡,OTHER,RECOMMENDABLE,100,100g,263,5,47.5,5.5,225,2.5,,FoodNtrCpntDbInfo02,"","",false,BRAND_OFFICIAL,LABEL_DERIVED
94,BRAND_OFFICIAL_ALLERGEN_TABLE_REQUIRED,40,4,20761,MFDS_FOOD_NUTRIENT_DB,D202-074000000-0004,요거트아이스크림의 정석,요아정 카스테라 생크림 찹쌀떡,OTHER,RECOMMENDABLE,100,100g,250,2.5,42.5,7.25,225,7.5,,FoodNtrCpntDbInfo02,"","",false,BRAND_OFFICIAL,LABEL_DERIVED
95,BRAND_OFFICIAL_ALLERGEN_TABLE_REQUIRED,40,5,23382,MFDS_FOOD_NUTRIENT_DB,D202-110000000-0539,요거트아이스크림의 정석,초콜릿 칩 브라우니,OTHER,RECOMMENDABLE,100,100g,458,4.94,71.61,28.4,249,39.51,,FoodNtrCpntDbInfo02,"","",false,BRAND_OFFICIAL,LABEL_DERIVED
96,BRAND_OFFICIAL_ALLERGEN_TABLE_REQUIRED,40,6,23383,MFDS_FOOD_NUTRIENT_DB,D202-110000000-0540,요거트아이스크림의 정석,치즈 스틱케이크,OTHER,RECOMMENDABLE,100,100g,522,4.44,48.89,33.33,182,4.44,,FoodNtrCpntDbInfo02,"","",false,BRAND_OFFICIAL,LABEL_DERIVED
97,BRAND_OFFICIAL_ALLERGEN_TABLE_REQUIRED,40,7,23749,MFDS_FOOD_NUTRIENT_DB,D202-113000000-0090,요거트아이스크림의 정석,베이비 슈,OTHER,RECOMMENDABLE,100,100g,324,3.03,39.39,18.18,142,15.15,,FoodNtrCpntDbInfo02,"","",false,BRAND_OFFICIAL,LABEL_DERIVED
98,BRAND_OFFICIAL_ALLERGEN_TABLE_REQUIRED,40,8,30060,MFDS_FOOD_NUTRIENT_DB,D219-711000000-0214,요거트아이스크림의 정석,그릭요거트,DAIRY,RECOMMENDABLE,100,100g,135,6.67,7.45,8.77,36,2.29,,FoodNtrCpntDbInfo02,"","",false,BRAND_OFFICIAL,LABEL_DERIVED
99,BRAND_OFFICIAL_ALLERGEN_TABLE_REQUIRED,40,9,30072,MFDS_FOOD_NUTRIENT_DB,D219-711000000-0226,요거트아이스크림의 정석,마시는 요거트,DAIRY,RECOMMENDABLE,100,100g,65,3,4,4.1,60,3,,FoodNtrCpntDbInfo02,"","",false,BRAND_OFFICIAL,LABEL_DERIVED
100,BRAND_OFFICIAL_ALLERGEN_TABLE_REQUIRED,40,10,30106,MFDS_FOOD_NUTRIENT_DB,D219-711000000-0260,요거트아이스크림의 정석,요아정 아이스크림,DAIRY,RECOMMENDABLE,100,100g,123,3.11,23.4,1.83,40,19.69,,FoodNtrCpntDbInfo02,"","",false,BRAND_OFFICIAL,LABEL_DERIVED
101,BRAND_OFFICIAL_ALLERGEN_TABLE_REQUIRED,40,1,21114,MFDS_FOOD_NUTRIENT_DB,D202-083000000-0002,탐앤탐스,또띠아 (L),OTHER,RECOMMENDABLE,100,100g,234,15.64,21.09,9.45,404,5.09,,FoodNtrCpntDbInfo02,"","",false,BRAND_OFFICIAL,LABEL_DERIVED
102,BRAND_OFFICIAL_ALLERGEN_TABLE_REQUIRED,40,2,21115,MFDS_FOOD_NUTRIENT_DB,D202-083000000-0003,탐앤탐스,또띠아 (S),OTHER,RECOMMENDABLE,100,100g,375,20.5,35.4,16.77,683,5.59,,FoodNtrCpntDbInfo02,"","",false,BRAND_OFFICIAL,LABEL_DERIVED
103,BRAND_OFFICIAL_ALLERGEN_TABLE_REQUIRED,40,3,21867,MFDS_FOOD_NUTRIENT_DB,D202-095000000-0015,탐앤탐스,블루베리 베이글,OTHER,RECOMMENDABLE,100,100g,291,9.09,58.18,2.73,336,13.64,,FoodNtrCpntDbInfo02,"","",false,BRAND_OFFICIAL,LABEL_DERIVED
104,BRAND_OFFICIAL_ALLERGEN_TABLE_REQUIRED,40,4,21878,MFDS_FOOD_NUTRIENT_DB,D202-095000000-0027,탐앤탐스,어니언 베이글,OTHER,RECOMMENDABLE,100,100g,291,10,58.18,1.82,427,11.82,,FoodNtrCpntDbInfo02,"","",false,BRAND_OFFICIAL,LABEL_DERIVED
105,BRAND_OFFICIAL_ALLERGEN_TABLE_REQUIRED,40,5,21897,MFDS_FOOD_NUTRIENT_DB,D202-095000000-0047,탐앤탐스,플레인 베이글,OTHER,RECOMMENDABLE,100,100g,277,9.09,55.45,1.82,418,11.82,,FoodNtrCpntDbInfo02,"","",false,BRAND_OFFICIAL,LABEL_DERIVED
106,BRAND_OFFICIAL_ALLERGEN_TABLE_REQUIRED,40,6,21999,MFDS_FOOD_NUTRIENT_DB,D202-096000000-0004,탐앤탐스,B.L.T 샌드위치,OTHER,RECOMMENDABLE,100,100g,225,8.3,30.29,7.88,502,3.32,,FoodNtrCpntDbInfo02,"","",false,BRAND_OFFICIAL,LABEL_DERIVED
107,BRAND_OFFICIAL_ALLERGEN_TABLE_REQUIRED,40,7,22100,MFDS_FOOD_NUTRIENT_DB,D202-096000000-0113,탐앤탐스,햄치즈 샌드위치,OTHER,RECOMMENDABLE,100,100g,185,5.51,27.56,5.91,519,3.54,,FoodNtrCpntDbInfo02,"","",false,BRAND_OFFICIAL,LABEL_DERIVED
108,BRAND_OFFICIAL_ALLERGEN_TABLE_REQUIRED,40,8,22531,MFDS_FOOD_NUTRIENT_DB,D202-103000000-0057,탐앤탐스,블루베리 크림치즈 크로플,OTHER,RECOMMENDABLE,100,100g,63,1.13,9.09,2.5,68,3.7,,FoodNtrCpntDbInfo02,"","",false,BRAND_OFFICIAL,LABEL_DERIVED
109,BRAND_OFFICIAL_ALLERGEN_TABLE_REQUIRED,40,9,22624,MFDS_FOOD_NUTRIENT_DB,D202-103000000-0152,탐앤탐스,플레인 크로플,OTHER,RECOMMENDABLE,100,100g,45,0.91,6.31,1.8,56,1.6,,FoodNtrCpntDbInfo02,"","",false,BRAND_OFFICIAL,LABEL_DERIVED
110,BRAND_OFFICIAL_ALLERGEN_TABLE_REQUIRED,40,10,24022,MFDS_FOOD_NUTRIENT_DB,D202-119000000-0003,탐앤탐스,고구마 프레즐,OTHER,RECOMMENDABLE,100,100g,268,12.74,40.09,6.6,296,12.26,,FoodNtrCpntDbInfo02,"","",false,BRAND_OFFICIAL,LABEL_DERIVED
111,LABEL_OR_FOODQR_REQUIRED,39,1,1499,MFDS_STANDARD_PROCESSED,P103-101020200-0941,(주)해명씨앤씨,가셈밀크AL,PROCESSED,RECOMMENDABLE,100,15g,581,7.1,49.3,39.5,90,7.8,23.9,15100066,"","",false,FOODQR,LABEL_DERIVED
112,LABEL_OR_FOODQR_REQUIRED,39,2,1501,MFDS_STANDARD_PROCESSED,P103-101020300-0140,(주)해명씨앤씨,가셈 화이트 리얼,PROCESSED,RECOMMENDABLE,100,15g,595,7,50,41,83,50,25,15100066,"","",false,FOODQR,LABEL_DERIVED
113,LABEL_OR_FOODQR_REQUIRED,39,3,1503,MFDS_STANDARD_PROCESSED,P103-101020300-0139,(주)해명씨앤씨,가셈 화이트 AL,PROCESSED,RECOMMENDABLE,100,15g,595,7,50,41,84,10,25,15100066,"","",false,FOODQR,LABEL_DERIVED
114,LABEL_OR_FOODQR_REQUIRED,39,4,1514,MFDS_STANDARD_PROCESSED,P103-101020100-0552,(주)해명씨앤씨,가셈 빈투바 TDS,PROCESSED,RECOMMENDABLE,70,15g,424,9.43,37.57,26.57,17,0,16,15100066,"","",false,FOODQR,LABEL_DERIVED
115,LABEL_OR_FOODQR_REQUIRED,39,5,1516,MFDS_STANDARD_PROCESSED,P103-101020100-0551,(주)해명씨앤씨,가셈 빈투바 TD,PROCESSED,RECOMMENDABLE,70,15g,525,11.86,42.43,34.29,19,0,20.57,15100066,"","",false,FOODQR,LABEL_DERIVED
116,LABEL_OR_FOODQR_REQUIRED,39,6,1518,MFDS_STANDARD_PROCESSED,P103-101020100-0550,(주)해명씨앤씨,가셈 빈투바 MD,PROCESSED,RECOMMENDABLE,70,15g,455,10.14,23.14,43.57,1,1.43,27.14,15100066,"","",false,FOODQR,LABEL_DERIVED
117,LABEL_OR_FOODQR_REQUIRED,39,7,1520,MFDS_STANDARD_PROCESSED,P103-101020100-0549,(주)해명씨앤씨,가셈 빈투바 MB,PROCESSED,RECOMMENDABLE,70,15g,445,10,22.86,42.86,1,1.43,27.14,15100066,"","",false,FOODQR,LABEL_DERIVED
118,LABEL_OR_FOODQR_REQUIRED,39,8,1522,MFDS_STANDARD_PROCESSED,P103-102020500-0722,(주)해명씨앤씨,가셈 빈투바 EO,PROCESSED,RECOMMENDABLE,70,30g,470,3.86,58.14,34.43,3,0,19.86,15100066,"","",false,FOODQR,LABEL_DERIVED
119,LABEL_OR_FOODQR_REQUIRED,39,9,1524,MFDS_STANDARD_PROCESSED,P103-101020200-0319,(주)해명씨앤씨,가셈 빈투바 EMS,PROCESSED,RECOMMENDABLE,70,15g,507,8.71,51.86,36,50,5,21.86,15100066,"","",false,FOODQR,LABEL_DERIVED
120,LABEL_OR_FOODQR_REQUIRED,39,10,1527,MFDS_STANDARD_PROCESSED,P103-101020400-1001,(주)해명씨앤씨,가셈 피스타치오 아몬드 스프레드,PROCESSED,RECOMMENDABLE,100,15g,641,11.9,31.4,52,41,6.3,26,15100066,"","",false,FOODQR,LABEL_DERIVED
121,BRAND_OFFICIAL_ALLERGEN_TABLE_REQUIRED,39,1,22710,MFDS_FOOD_NUTRIENT_DB,D202-106000000-0010,츄러스1500,고구마 필링 롱츄,OTHER,RECOMMENDABLE,100,100g,398,5.21,61.46,14.58,295,19.06,,FoodNtrCpntDbInfo02,"","",false,BRAND_OFFICIAL,LABEL_DERIVED
122,BRAND_OFFICIAL_ALLERGEN_TABLE_REQUIRED,39,2,22711,MFDS_FOOD_NUTRIENT_DB,D202-106000000-0011,츄러스1500,달콤 허니버터 스틱츄,OTHER,RECOMMENDABLE,100,100g,322,4.9,50.83,10.8,453,13.8,,FoodNtrCpntDbInfo02,"","",false,BRAND_OFFICIAL,LABEL_DERIVED
123,BRAND_OFFICIAL_ALLERGEN_TABLE_REQUIRED,39,3,22712,MFDS_FOOD_NUTRIENT_DB,D202-106000000-0012,츄러스1500,레인보우 초코 링츄,OTHER,RECOMMENDABLE,100,100g,370,6.71,59.39,11.59,385,18.41,,FoodNtrCpntDbInfo02,"","",false,BRAND_OFFICIAL,LABEL_DERIVED
124,BRAND_OFFICIAL_ALLERGEN_TABLE_REQUIRED,39,4,22713,MFDS_FOOD_NUTRIENT_DB,D202-106000000-0013,츄러스1500,바삭 후레이크 링츄,OTHER,RECOMMENDABLE,100,100g,374,6.71,52.93,11.5,381,14.76,,FoodNtrCpntDbInfo02,"","",false,BRAND_OFFICIAL,LABEL_DERIVED
125,BRAND_OFFICIAL_ALLERGEN_TABLE_REQUIRED,39,5,22714,MFDS_FOOD_NUTRIENT_DB,D202-106000000-0014,츄러스1500,버터 갈릭 스틱츄,OTHER,RECOMMENDABLE,100,100g,304,5.1,50.1,11.09,683,14.84,,FoodNtrCpntDbInfo02,"","",false,BRAND_OFFICIAL,LABEL_DERIVED
126,BRAND_OFFICIAL_ALLERGEN_TABLE_REQUIRED,39,6,22715,MFDS_FOOD_NUTRIENT_DB,D202-106000000-0015,츄러스1500,슈크림 필링 롱츄,OTHER,RECOMMENDABLE,100,100g,356,5.51,51.02,14.59,290,14.59,,FoodNtrCpntDbInfo02,"","",false,BRAND_OFFICIAL,LABEL_DERIVED
127,BRAND_OFFICIAL_ALLERGEN_TABLE_REQUIRED,39,7,22716,MFDS_FOOD_NUTRIENT_DB,D202-106000000-0016,츄러스1500,스틱 츄러스,OTHER,RECOMMENDABLE,100,100g,316,5.22,48.89,11.06,383,10.06,,FoodNtrCpntDbInfo02,"","",false,BRAND_OFFICIAL,LABEL_DERIVED
128,BRAND_OFFICIAL_ALLERGEN_TABLE_REQUIRED,39,8,22717,MFDS_FOOD_NUTRIENT_DB,D202-106000000-0017,츄러스1500,츄러스(스페셜링츄 세트 (8개입)),OTHER,RECOMMENDABLE,100,100g,325,5.7,52.19,10.34,390,13.11,,FoodNtrCpntDbInfo02,"","",false,BRAND_OFFICIAL,LABEL_DERIVED
129,BRAND_OFFICIAL_ALLERGEN_TABLE_REQUIRED,39,9,22718,MFDS_FOOD_NUTRIENT_DB,D202-106000000-0018,츄러스1500,츄러스(스페셜스틱 세트 (10개입)),OTHER,RECOMMENDABLE,100,100g,325,5.5,46.59,12.9,432,10.51,,FoodNtrCpntDbInfo02,"","",false,BRAND_OFFICIAL,LABEL_DERIVED
130,BRAND_OFFICIAL_ALLERGEN_TABLE_REQUIRED,39,10,22719,MFDS_FOOD_NUTRIENT_DB,D202-106000000-0019,츄러스1500,아몬드초코 링츄,OTHER,RECOMMENDABLE,100,100g,406,9.11,57,12,391,16.67,,FoodNtrCpntDbInfo02,"","",false,BRAND_OFFICIAL,LABEL_DERIVED
131,BRAND_OFFICIAL_ALLERGEN_TABLE_REQUIRED,34,1,20843,MFDS_FOOD_NUTRIENT_DB,D202-082000000-0020,던킨도너츠,던킨카페모카롤,OTHER,RECOMMENDABLE,100,100g,433,5.26,52.63,22.37,539,21.05,,FoodNtrCpntDbInfo02,"","",false,BRAND_OFFICIAL,LABEL_DERIVED
132,BRAND_OFFICIAL_ALLERGEN_TABLE_REQUIRED,34,2,20870,MFDS_FOOD_NUTRIENT_DB,D202-082000000-0048,던킨도너츠,보스톤크림 도넛,OTHER,RECOMMENDABLE,100,100g,364,4.48,46.27,17.91,448,17.91,,FoodNtrCpntDbInfo02,"","",false,BRAND_OFFICIAL,LABEL_DERIVED
133,BRAND_OFFICIAL_ALLERGEN_TABLE_REQUIRED,34,3,20873,MFDS_FOOD_NUTRIENT_DB,D202-082000000-0051,던킨도너츠,소금우유 도넛,OTHER,RECOMMENDABLE,100,100g,460,3.33,51.67,25,300,20,,FoodNtrCpntDbInfo02,"","",false,BRAND_OFFICIAL,LABEL_DERIVED
134,BRAND_OFFICIAL_ALLERGEN_TABLE_REQUIRED,34,4,20888,MFDS_FOOD_NUTRIENT_DB,D202-082000000-0067,던킨도너츠,올드훼션드먼치킨,OTHER,RECOMMENDABLE,100,100g,471,3.57,57.14,25.71,214,35.71,,FoodNtrCpntDbInfo02,"","",false,BRAND_OFFICIAL,LABEL_DERIVED
135,BRAND_OFFICIAL_ALLERGEN_TABLE_REQUIRED,34,5,20889,MFDS_FOOD_NUTRIENT_DB,D202-082000000-0068,던킨도너츠,올리브츄이스티 도넛,OTHER,RECOMMENDABLE,100,100g,404,2.04,53.06,20.41,306,12.24,,FoodNtrCpntDbInfo02,"","",false,BRAND_OFFICIAL,LABEL_DERIVED
136,BRAND_OFFICIAL_ALLERGEN_TABLE_REQUIRED,34,6,20909,MFDS_FOOD_NUTRIENT_DB,D202-082000000-0089,던킨도너츠,카카오후로스티드 도넛,OTHER,RECOMMENDABLE,100,100g,413,6.25,50,20.83,563,12.5,,FoodNtrCpntDbInfo02,"","",false,BRAND_OFFICIAL,LABEL_DERIVED
137,BRAND_OFFICIAL_ALLERGEN_TABLE_REQUIRED,34,7,20910,MFDS_FOOD_NUTRIENT_DB,D202-082000000-0090,던킨도너츠,카푸치노츄이스티 도넛,OTHER,RECOMMENDABLE,100,100g,406,1.92,51.92,21.15,346,17.31,,FoodNtrCpntDbInfo02,"","",false,BRAND_OFFICIAL,LABEL_DERIVED
138,BRAND_OFFICIAL_ALLERGEN_TABLE_REQUIRED,34,8,20922,MFDS_FOOD_NUTRIENT_DB,D202-082000000-0102,던킨도너츠,페이머스 글레이즈드 도넛,OTHER,RECOMMENDABLE,100,100g,433,4.35,50,23.91,543,17.39,,FoodNtrCpntDbInfo02,"","",false,BRAND_OFFICIAL,LABEL_DERIVED
139,BRAND_OFFICIAL_ALLERGEN_TABLE_REQUIRED,34,9,20925,MFDS_FOOD_NUTRIENT_DB,D202-082000000-0105,던킨도너츠,허니후리터,OTHER,RECOMMENDABLE,100,100g,449,5.41,48.65,24.32,554,14.86,,FoodNtrCpntDbInfo02,"","",false,BRAND_OFFICIAL,LABEL_DERIVED
140,BRAND_OFFICIAL_ALLERGEN_TABLE_REQUIRED,34,10,20929,MFDS_FOOD_NUTRIENT_DB,D202-082000000-0109,던킨도너츠,BEURRE 헤이즐넛&바닐라 도넛,OTHER,RECOMMENDABLE,100,100g,451,4.41,45.59,27.94,397,7.35,,FoodNtrCpntDbInfo02,"","",false,BRAND_OFFICIAL,LABEL_DERIVED
141,LABEL_OR_FOODQR_REQUIRED,33,1,758,MFDS_STANDARD_PROCESSED,P109-802080200-0275,(주)태향,zero 헤이즐넛시럽,BEVERAGE,RECOMMENDABLE,,150ml,3,0.02,25.89,0,3,0,0,15100066,"","",false,FOODQR,LABEL_DERIVED
142,LABEL_OR_FOODQR_REQUIRED,33,2,760,MFDS_STANDARD_PROCESSED,P109-802080200-0613,(주)태향,zero 허니자몽블랙티시럽,BEVERAGE,RECOMMENDABLE,,150ml,15,0.07,41.13,0.14,184,0,0,15100066,"","",false,FOODQR,LABEL_DERIVED
143,LABEL_OR_FOODQR_REQUIRED,33,3,762,MFDS_STANDARD_PROCESSED,P109-802080200-0612,(주)태향,zero 핑크자몽시럽,BEVERAGE,RECOMMENDABLE,,150ml,17,0.01,29.83,0,173,0,0,15100066,"","",false,FOODQR,LABEL_DERIVED
144,LABEL_OR_FOODQR_REQUIRED,33,4,763,MFDS_STANDARD_PROCESSED,P109-103010300-0277,(주)태향,zero 복숭아아이스티파우더,BEVERAGE,RECOMMENDABLE,500,200ml,4,0.02,19.67,0.08,17,0.08,0,15100066,"","",false,FOODQR,LABEL_DERIVED
145,LABEL_OR_FOODQR_REQUIRED,33,5,764,MFDS_STANDARD_PROCESSED,P109-802080200-0606,(주)태향,zero 복숭아시럽,BEVERAGE,RECOMMENDABLE,,150ml,5,0.02,26.5,0.02,153,0,0,15100066,"","",false,FOODQR,LABEL_DERIVED
146,LABEL_OR_FOODQR_REQUIRED,33,6,767,MFDS_STANDARD_PROCESSED,P109-802080200-0611,(주)태향,zero 피치우롱티시럽,BEVERAGE,RECOMMENDABLE,,150ml,10,0.08,35.94,0,157,0,0,15100066,"","",false,FOODQR,LABEL_DERIVED
147,LABEL_OR_FOODQR_REQUIRED,33,7,769,MFDS_STANDARD_PROCESSED,P109-802080200-0610,(주)태향,zero 카페시럽,BEVERAGE,RECOMMENDABLE,,150ml,2,0.03,25.42,0,14,0,0,15100066,"","",false,FOODQR,LABEL_DERIVED
148,LABEL_OR_FOODQR_REQUIRED,33,8,771,MFDS_STANDARD_PROCESSED,P109-802080200-0274,(주)태향,zero 카라멜시럽,BEVERAGE,RECOMMENDABLE,,150ml,3,0.01,26.15,0,5,0,0,15100066,"","",false,FOODQR,LABEL_DERIVED
149,LABEL_OR_FOODQR_REQUIRED,33,9,773,MFDS_STANDARD_PROCESSED,P103-203010400-0473,(주)태향,zero 초코파우더,PROCESSED,RECOMMENDABLE,1000,100g,121,6.36,81.74,7.16,30,0,5.34,15100066,"","",false,FOODQR,LABEL_DERIVED
150,LABEL_OR_FOODQR_REQUIRED,33,10,775,MFDS_STANDARD_PROCESSED,P103-203010400-0061,(주)태향,zero 초코파우더,PROCESSED,RECOMMENDABLE,500,100g,121,6.36,81.74,7.16,30,0,5.34,15100066,"","",false,FOODQR,LABEL_DERIVED
151,LABEL_OR_FOODQR_REQUIRED,33,1,534,MFDS_STANDARD_PROCESSED,P110-400040000-1727,주식회사지니온,고구마표고청경채콜리플라워진밥,PROCESSED,RECOMMENDABLE,150,100g,92,1.93,20.93,0.13,7,0,0,15100066,"","",false,FOODQR,LABEL_DERIVED
152,LABEL_OR_FOODQR_REQUIRED,33,2,535,MFDS_STANDARD_PROCESSED,P110-400040000-1726,주식회사지니온,고구마표고청경채콜리플라워무른밥,PROCESSED,RECOMMENDABLE,150,100g,85,1.73,19.27,0.13,6,0,0,15100066,"","",false,FOODQR,LABEL_DERIVED
153,LABEL_OR_FOODQR_REQUIRED,33,3,536,MFDS_STANDARD_PROCESSED,P110-400040000-1725,주식회사지니온,고구마표고청경채죽,PROCESSED,RECOMMENDABLE,150,100g,61,1.2,13.8,0.13,4,0,0,15100066,"","",false,FOODQR,LABEL_DERIVED
154,LABEL_OR_FOODQR_REQUIRED,33,4,537,MFDS_STANDARD_PROCESSED,P110-400040000-1724,주식회사지니온,고구마표고청경채된죽,PROCESSED,RECOMMENDABLE,150,100g,67,1.33,15.27,0.13,4,0,0,15100066,"","",false,FOODQR,LABEL_DERIVED
155,LABEL_OR_FOODQR_REQUIRED,33,5,679,MFDS_STANDARD_PROCESSED,P110-400040000-1539,주식회사지니온,고구마닭고기블루베리양배추죽,PROCESSED,RECOMMENDABLE,70,100g,65,2.43,13.43,0.14,5,0.29,0,15100066,"","",false,FOODQR,LABEL_DERIVED
156,LABEL_OR_FOODQR_REQUIRED,33,6,681,MFDS_STANDARD_PROCESSED,P110-400040000-1538,주식회사지니온,고구마닭고기근대죽,PROCESSED,RECOMMENDABLE,70,100g,64,2.43,13.29,0.14,9,0,0,15100066,"","",false,FOODQR,LABEL_DERIVED
157,LABEL_OR_FOODQR_REQUIRED,33,7,1532,MFDS_STANDARD_PROCESSED,P110-400040000-1541,주식회사지니온,고구마렌틸콩무테프무른밥,PROCESSED,RECOMMENDABLE,150,100g,94,2.27,21,0.2,5,0.13,0,15100066,"","",false,FOODQR,LABEL_DERIVED
158,LABEL_OR_FOODQR_REQUIRED,33,8,1534,MFDS_STANDARD_PROCESSED,P110-400040000-1540,주식회사지니온,고구마렌틸콩무테프된죽,PROCESSED,RECOMMENDABLE,150,100g,74,1.73,16.47,0.13,4,0.13,0,15100066,"","",false,FOODQR,LABEL_DERIVED
159,LABEL_OR_FOODQR_REQUIRED,33,9,1556,MFDS_STANDARD_PROCESSED,P110-400040000-1903,주식회사지니온,고구마렌틸콩아욱테프죽,PROCESSED,RECOMMENDABLE,150,100g,63,1.33,14,0.2,6,0.13,0,15100066,"","",false,FOODQR,LABEL_DERIVED
160,LABEL_OR_FOODQR_REQUIRED,33,10,1559,MFDS_STANDARD_PROCESSED,P110-400040000-1902,주식회사지니온,고구마렌틸콩아욱테프무른밥,PROCESSED,RECOMMENDABLE,150,100g,93,2,20.8,0.2,7,0.2,0,15100066,"","",false,FOODQR,LABEL_DERIVED
161,LABEL_OR_FOODQR_REQUIRED,30,1,434,MFDS_STANDARD_PROCESSED,P101-415000400-0946,(주)세종에브리푸드,에브리 포테이토 피자,PROCESSED,RECOMMENDABLE,100,150g,203,10.1,29.2,5.1,305,4.5,0.6,15100066,"","",false,FOODQR,LABEL_DERIVED
162,LABEL_OR_FOODQR_REQUIRED,30,2,435,MFDS_STANDARD_PROCESSED,P101-415000400-0945,(주)세종에브리푸드,에브리 콤비네이션 피자,PROCESSED,RECOMMENDABLE,100,150g,222,10.5,30.2,6.6,313,3,0.9,15100066,"","",false,FOODQR,LABEL_DERIVED
163,LABEL_OR_FOODQR_REQUIRED,30,3,439,MFDS_STANDARD_PROCESSED,P101-415000400-0944,(주)세종에브리푸드,에브리 불고기 피자,PROCESSED,RECOMMENDABLE,100,150g,209,10.3,32.9,4,307,3.8,0.6,15100066,"","",false,FOODQR,LABEL_DERIVED
164,LABEL_OR_FOODQR_REQUIRED,30,4,4190,MFDS_STANDARD_PROCESSED,P101-409000400-3212,(주)세종에브리푸드,the스윗 화이트 머핀 크림케이크,PROCESSED,RECOMMENDABLE,25,70g,356,4,32,20,204,20,12,15100066,"","",false,FOODQR,LABEL_DERIVED
165,LABEL_OR_FOODQR_REQUIRED,30,5,4226,MFDS_STANDARD_PROCESSED,P101-409000400-6185,(주)세종에브리푸드,the스윗 파이어홀스 컵케익,PROCESSED,RECOMMENDABLE,40,70g,345,2.5,25,20,113,20,7.5,15100066,"","",false,FOODQR,LABEL_DERIVED
166,LABEL_OR_FOODQR_REQUIRED,30,6,4230,MFDS_STANDARD_PROCESSED,P101-401000400-1849,(주)세종에브리푸드,the스윗 튜브타는 상어도넛,PROCESSED,RECOMMENDABLE,45,70g,409,2.22,33.33,22.22,227,33.33,13.33,15100066,"","",false,FOODQR,LABEL_DERIVED
167,LABEL_OR_FOODQR_REQUIRED,30,7,4235,MFDS_STANDARD_PROCESSED,P101-409000400-4343,(주)세종에브리푸드,the스윗 호국의 별 케이크,PROCESSED,RECOMMENDABLE,40,70g,260,2.5,37.5,7.5,170,20,2.5,15100066,"","",false,FOODQR,LABEL_DERIVED
168,LABEL_OR_FOODQR_REQUIRED,30,8,4237,MFDS_STANDARD_PROCESSED,P101-409000400-3876,(주)세종에브리푸드,the스윗 행복의 푸른뱀 브라우니케이크,PROCESSED,RECOMMENDABLE,34,70g,341,5.88,20.59,20.59,174,20.59,11.77,15100066,"","",false,FOODQR,LABEL_DERIVED
169,LABEL_OR_FOODQR_REQUIRED,30,9,4247,MFDS_STANDARD_PROCESSED,P101-409000400-4976,(주)세종에브리푸드,the스윗 체리초코 유령마녀 컵케이크,PROCESSED,RECOMMENDABLE,33,70g,248,3.03,21.21,15.15,148,18.18,6.06,15100066,"","",false,FOODQR,LABEL_DERIVED
170,LABEL_OR_FOODQR_REQUIRED,30,10,4249,MFDS_STANDARD_PROCESSED,P101-409000400-4341,(주)세종에브리푸드,the스윗 청포도 쨈달샘 컵케이크,PROCESSED,RECOMMENDABLE,40,70g,280,2.5,25,15,153,17.5,7.5,15100066,"","",false,FOODQR,LABEL_DERIVED
171,LABEL_OR_FOODQR_REQUIRED,30,1,961,MFDS_STANDARD_PROCESSED,P123-213020200-1569,(주)푸드플래닛,고기듬뿍김치제육,PROCESSED,RECOMMENDABLE,365,1식,195,7.95,13.7,6.85,25,6.03,1.92,15100066,"","",false,FOODQR,LABEL_DERIVED
172,LABEL_OR_FOODQR_REQUIRED,30,2,1423,MFDS_STANDARD_PROCESSED,P123-213020200-1836,(주)푸드플래닛,고독한블랙정식짜장밥,PROCESSED,RECOMMENDABLE,407,1식,165,3.58,21.72,7.11,591,6.81,1.61,15100066,"","",false,FOODQR,LABEL_DERIVED
173,LABEL_OR_FOODQR_REQUIRED,30,3,1671,MFDS_STANDARD_PROCESSED,P123-201020200-0014,(주)푸드플래닛,고깃집볶음밥,PROCESSED,RECOMMENDABLE,155,210g,182,6.45,24.52,6.45,401,0.65,2.45,15100066,"","",false,FOODQR,LABEL_DERIVED
174,LABEL_OR_FOODQR_REQUIRED,30,4,1728,MFDS_STANDARD_PROCESSED,P123-203020200-3063,(주)푸드플래닛,가격파괴소불고기유부초밥,PROCESSED,RECOMMENDABLE,564,210g,180,5.68,26.4,5.68,466,5.97,1.68,15100066,"","",false,FOODQR,LABEL_DERIVED
175,LABEL_OR_FOODQR_REQUIRED,30,5,1732,MFDS_STANDARD_PROCESSED,P123-216020200-0133,(주)푸드플래닛,가격파괴반반닭강정,PROCESSED,RECOMMENDABLE,431,100g,328,12.43,38.36,13.9,591,10.91,3,15100066,"","",false,FOODQR,LABEL_DERIVED
176,LABEL_OR_FOODQR_REQUIRED,30,6,1747,MFDS_STANDARD_PROCESSED,P123-212020200-0588,(주)푸드플래닛,가격파괴5000타코야끼,PROCESSED,RECOMMENDABLE,375,100g,214,6.66,26.9,8.82,580,1.75,1.67,15100066,"","",false,FOODQR,LABEL_DERIVED
177,LABEL_OR_FOODQR_REQUIRED,30,7,1752,MFDS_STANDARD_PROCESSED,P123-216020200-0118,(주)푸드플래닛,가격파괴5000닭강정,PROCESSED,RECOMMENDABLE,541,100g,316,12.41,34.75,14.13,597,14.26,2.08,15100066,"","",false,FOODQR,LABEL_DERIVED
178,LABEL_OR_FOODQR_REQUIRED,30,8,1761,MFDS_STANDARD_PROCESSED,P123-203020200-3379,(주)푸드플래닛,고구마돈까스김밥,PROCESSED,RECOMMENDABLE,255,210g,168,5.18,28.19,3.83,411,4.86,0.7,15100066,"","",false,FOODQR,LABEL_DERIVED
179,LABEL_OR_FOODQR_REQUIRED,30,9,1780,MFDS_STANDARD_PROCESSED,P123-203020200-2621,(주)푸드플래닛,가격파괴든든유부초밥,PROCESSED,RECOMMENDABLE,609,210g,162,4.24,30.88,2.38,389,4.5,0.51,15100066,"","",false,FOODQR,LABEL_DERIVED
180,LABEL_OR_FOODQR_REQUIRED,30,10,1787,MFDS_STANDARD_PROCESSED,P123-212020200-0093,(주)푸드플래닛,辛제육볶음,PROCESSED,RECOMMENDABLE,243,100g,167,7.41,25.93,3.7,444,0.82,0.37,15100066,"","",false,FOODQR,LABEL_DERIVED
181,BRAND_OFFICIAL_ALLERGEN_TABLE_REQUIRED,30,1,21525,MFDS_FOOD_NUTRIENT_DB,D202-091000000-0024,맘스터치,딥치즈 버거,OTHER,RECOMMENDABLE,100,100g,215,14.95,16.01,10.07,425,4.27,,FoodNtrCpntDbInfo02,"","",false,BRAND_OFFICIAL,LABEL_DERIVED
182,BRAND_OFFICIAL_ALLERGEN_TABLE_REQUIRED,30,2,21545,MFDS_FOOD_NUTRIENT_DB,D202-091000000-0046,맘스터치,불고기 버거,OTHER,RECOMMENDABLE,100,100g,246,8.54,28.05,11.04,375,8.54,,FoodNtrCpntDbInfo02,"","",false,BRAND_OFFICIAL,LABEL_DERIVED
183,BRAND_OFFICIAL_ALLERGEN_TABLE_REQUIRED,30,3,21551,MFDS_FOOD_NUTRIENT_DB,D202-091000000-0052,맘스터치,불싸이 버거,OTHER,RECOMMENDABLE,100,100g,236,12.17,23.91,10.17,501,6.52,,FoodNtrCpntDbInfo02,"","",false,BRAND_OFFICIAL,LABEL_DERIVED
184,BRAND_OFFICIAL_ALLERGEN_TABLE_REQUIRED,30,4,21561,MFDS_FOOD_NUTRIENT_DB,D202-091000000-0062,맘스터치,새우불고기 버거,OTHER,RECOMMENDABLE,100,100g,238,7.54,26.59,11.23,418,7.94,,FoodNtrCpntDbInfo02,"","",false,BRAND_OFFICIAL,LABEL_DERIVED
185,BRAND_OFFICIAL_ALLERGEN_TABLE_REQUIRED,30,5,21574,MFDS_FOOD_NUTRIENT_DB,D202-091000000-0075,맘스터치,싸이 버거,OTHER,RECOMMENDABLE,100,100g,258,12.17,19.13,14.83,439,6.09,,FoodNtrCpntDbInfo02,"","",false,BRAND_OFFICIAL,LABEL_DERIVED
186,BRAND_OFFICIAL_ALLERGEN_TABLE_REQUIRED,30,6,21575,MFDS_FOOD_NUTRIENT_DB,D202-091000000-0076,맘스터치,싸이플렉스 버거,OTHER,RECOMMENDABLE,100,100g,244,10.84,19.21,13.74,499,3.45,,FoodNtrCpntDbInfo02,"","",false,BRAND_OFFICIAL,LABEL_DERIVED
187,BRAND_OFFICIAL_ALLERGEN_TABLE_REQUIRED,30,7,21578,MFDS_FOOD_NUTRIENT_DB,D202-091000000-0079,맘스터치,언빌리버블 버거,OTHER,RECOMMENDABLE,100,100g,228,13.31,17.16,11.95,448,4.44,,FoodNtrCpntDbInfo02,"","",false,BRAND_OFFICIAL,LABEL_DERIVED
188,BRAND_OFFICIAL_ALLERGEN_TABLE_REQUIRED,30,8,21586,MFDS_FOOD_NUTRIENT_DB,D202-091000000-0087,맘스터치,인크레더블 버거,OTHER,RECOMMENDABLE,100,100g,240,12.18,19.23,12.6,466,5.13,,FoodNtrCpntDbInfo02,"","",false,BRAND_OFFICIAL,LABEL_DERIVED
189,BRAND_OFFICIAL_ALLERGEN_TABLE_REQUIRED,30,9,21614,MFDS_FOOD_NUTRIENT_DB,D202-091000000-0118,맘스터치,통새우 버거,OTHER,RECOMMENDABLE,100,100g,252,6.74,30.34,11.57,397,5.06,,FoodNtrCpntDbInfo02,"","",false,BRAND_OFFICIAL,LABEL_DERIVED
190,BRAND_OFFICIAL_ALLERGEN_TABLE_REQUIRED,30,10,21626,MFDS_FOOD_NUTRIENT_DB,D202-091000000-0132,맘스터치,할라피뇨통살 버거,OTHER,RECOMMENDABLE,100,100g,236,10.11,18.73,13.45,413,3,,FoodNtrCpntDbInfo02,"","",false,BRAND_OFFICIAL,LABEL_DERIVED
191,LABEL_OR_FOODQR_REQUIRED,29,1,1659,MFDS_STANDARD_PROCESSED,P109-303030300-0032,웅진식품(주),가야농장배농장,BEVERAGE,RECOMMENDABLE,,200ml,53,0,13.33,0,3,11.67,0,15100066,"","",false,FOODQR,LABEL_DERIVED
192,LABEL_OR_FOODQR_REQUIRED,29,2,1661,MFDS_STANDARD_PROCESSED,P109-302030200-0147,웅진식품(주),가야농장당근농장,BEVERAGE,RECOMMENDABLE,,200ml,44,0.39,10.56,0,28,8.33,0,15100066,"","",false,FOODQR,LABEL_DERIVED
193,LABEL_OR_FOODQR_REQUIRED,29,3,1663,MFDS_STANDARD_PROCESSED,P109-303030300-0031,웅진식품(주),가야농장농장에서온토마토,BEVERAGE,RECOMMENDABLE,,200ml,4,0,1,0,3,0.9,0,15100066,"","",false,FOODQR,LABEL_DERIVED
194,LABEL_OR_FOODQR_REQUIRED,29,4,1665,MFDS_STANDARD_PROCESSED,P109-801080100-0096,웅진식품(주),가야농장농장에서온알로에,BEVERAGE,RECOMMENDABLE,,200ml,5,0,1.1,0,1,1,0,15100066,"","",false,FOODQR,LABEL_DERIVED
195,LABEL_OR_FOODQR_REQUIRED,29,5,1667,MFDS_STANDARD_PROCESSED,P109-303030300-1709,웅진식품(주),가야농장 캘리포니아 푸룬데이,BEVERAGE,RECOMMENDABLE,,200ml,95,0,24,0,5,21,0,15100066,"","",false,FOODQR,LABEL_DERIVED
196,LABEL_OR_FOODQR_REQUIRED,29,6,1668,MFDS_STANDARD_PROCESSED,P109-303030300-1449,웅진식품(주),가야농장 망고농장,BEVERAGE,RECOMMENDABLE,,200ml,50,0,12.22,0,11,11.67,0,15100066,"","",false,FOODQR,LABEL_DERIVED
197,LABEL_OR_FOODQR_REQUIRED,29,7,1670,MFDS_STANDARD_PROCESSED,P109-302030200-6201,웅진식품(주),가야농장 당근농장,BEVERAGE,RECOMMENDABLE,,200ml,40,0,10,0,25,9,0,15100066,"","",false,FOODQR,LABEL_DERIVED
198,LABEL_OR_FOODQR_REQUIRED,29,8,2352,MFDS_STANDARD_PROCESSED,P109-303030300-0037,웅진식품(주),가야농장제주감귤,BEVERAGE,RECOMMENDABLE,,200ml,53,0,12.65,0.32,3,11.18,0.12,15100066,"","",false,FOODQR,LABEL_DERIVED
199,LABEL_OR_FOODQR_REQUIRED,29,9,2354,MFDS_STANDARD_PROCESSED,P109-303030300-0036,웅진식품(주),가야농장정성담은파인애플,BEVERAGE,RECOMMENDABLE,,200ml,55,0,14,0,5,12,0,15100066,"","",false,FOODQR,LABEL_DERIVED
200,LABEL_OR_FOODQR_REQUIRED,29,10,2356,MFDS_STANDARD_PROCESSED,P109-303030300-0035,웅진식품(주),가야농장정성담은토마토,BEVERAGE,RECOMMENDABLE,,200ml,40,0,10,0,25,9,0,15100066,"","",false,FOODQR,LABEL_DERIVED
201,LABEL_OR_FOODQR_REQUIRED,28,1,740,MFDS_STANDARD_PROCESSED,P123-212020300-0023,(주)오뚜기,고구마김치그라탕,PROCESSED,RECOMMENDABLE,180,100g,156,5.56,17.22,7.22,267,7.78,3.89,15100066,"","",false,FOODQR,LABEL_DERIVED
202,LABEL_OR_FOODQR_REQUIRED,28,2,839,MFDS_STANDARD_PROCESSED,P113-301030200-0047,(주)오뚜기,가뿐한끼 매콤닭가슴살카레,PROCESSED,RECOMMENDABLE,130,레토르트 200g 기타 25g,77,3.85,6.92,3.85,492,3.08,0.77,15100066,"","",false,FOODQR,LABEL_DERIVED
203,LABEL_OR_FOODQR_REQUIRED,28,3,841,MFDS_STANDARD_PROCESSED,P113-301030200-0046,(주)오뚜기,가뿐한끼 매콤닭가슴살 카레,PROCESSED,RECOMMENDABLE,130,레토르트 200g 기타 25g,77,3.85,6.92,3.85,492,3.08,0.77,15100066,"","",false,FOODQR,LABEL_DERIVED
204,LABEL_OR_FOODQR_REQUIRED,28,4,843,MFDS_STANDARD_PROCESSED,P113-206020400-1477,(주)오뚜기,가뿐한끼 닭가슴살 짜장,PROCESSED,RECOMMENDABLE,130,"드레싱 15g, 덮밥소스 165g",96,4.62,11.54,3.31,377,4.62,0.54,15100066,"","",false,FOODQR,LABEL_DERIVED
205,LABEL_OR_FOODQR_REQUIRED,28,5,854,MFDS_STANDARD_PROCESSED,P123-201020300-5502,(주)오뚜기,가뿐한끼 곤약현미잡곡밥,PROCESSED,RECOMMENDABLE,130,210g,104,2.15,23.85,0.77,4,0,0,15100066,"","",false,FOODQR,LABEL_DERIVED
206,LABEL_OR_FOODQR_REQUIRED,28,6,856,MFDS_STANDARD_PROCESSED,P123-201020300-5501,(주)오뚜기,가뿐한끼 곤약백미밥,PROCESSED,RECOMMENDABLE,130,210g,112,1.31,26.92,0,4,0,0,15100066,"","",false,FOODQR,LABEL_DERIVED
207,LABEL_OR_FOODQR_REQUIRED,28,7,872,MFDS_STANDARD_PROCESSED,P113-206020400-4130,(주)오뚜기,고기리 들기름막국수용 육수,PROCESSED,RECOMMENDABLE,300,"드레싱 15g, 덮밥소스 165g",7,0.33,1.33,0,380,0,0,15100066,"","",false,FOODQR,LABEL_DERIVED
208,LABEL_OR_FOODQR_REQUIRED,28,8,919,MFDS_STANDARD_PROCESSED,P113-206020400-1010,(주)오뚜기,가뿐한끼 닭가슴살 짜장,PROCESSED,RECOMMENDABLE,130,"드레싱 15g, 덮밥소스 165g",96,4.62,11.54,3.31,377,4.62,0.54,15100066,"","",false,FOODQR,LABEL_DERIVED
209,LABEL_OR_FOODQR_REQUIRED,28,9,1050,MFDS_STANDARD_PROCESSED,P107-302030200-0209,(주)오뚜기,고추맛기름(양지),FAT,RECOMMENDABLE,1000,5g(ml),90,0,0,10,0,0,2.2,15100066,"","",false,FOODQR,LABEL_DERIVED
210,LABEL_OR_FOODQR_REQUIRED,28,10,1262,MFDS_STANDARD_PROCESSED,P113-206020400-1026,(주)오뚜기,고추장 불고기 양념,PROCESSED,RECOMMENDABLE,500,"드레싱 15g, 덮밥소스 165g",190,2,41,1.8,1860,35,0,15100066,"","",false,FOODQR,LABEL_DERIVED
211,LABEL_OR_FOODQR_REQUIRED,28,1,1334,MFDS_STANDARD_PROCESSED,P123-227020300-0138,씨제이제일제당(주),고추잡채 덮밥소스,PROCESSED,RECOMMENDABLE,140,100g,105,4,11,4.8,830,8,0.9,15100066,"","",false,FOODQR,LABEL_DERIVED
212,LABEL_OR_FOODQR_REQUIRED,28,2,1725,MFDS_STANDARD_PROCESSED,P108-011000200-0014,씨제이제일제당(주),가쓰오덴푸라우동,PROCESSED,RECOMMENDABLE,490,"생·숙면 200g, 건면 100g, 당면 30g, 유탕면(봉지)120g, 유탕면(용기)80",182,3.67,32.65,4.08,651,2.86,1.67,15100066,"","",false,FOODQR,LABEL_DERIVED
213,LABEL_OR_FOODQR_REQUIRED,28,3,2389,MFDS_STANDARD_PROCESSED,P108-011000200-0015,씨제이제일제당(주),가쓰오와카메우동,PROCESSED,RECOMMENDABLE,496,"생·숙면 200g, 건면 100g, 당면 30g, 유탕면(봉지)120g, 유탕면(용기)80",187,4.44,32.26,4.44,695,3.23,1.81,15100066,"","",false,FOODQR,LABEL_DERIVED
214,LABEL_OR_FOODQR_REQUIRED,28,4,2418,MFDS_STANDARD_PROCESSED,P112-013001300-0007,씨제이제일제당(주),고기찍어먹는장 찍장 쌈장,PROCESSED,RECOMMENDABLE,300,10g,225,2.67,13.67,1,760,8,0.2,15100066,"","",false,FOODQR,LABEL_DERIVED
215,LABEL_OR_FOODQR_REQUIRED,28,5,2420,MFDS_STANDARD_PROCESSED,P112-013001300-0006,씨제이제일제당(주),고기찍어먹는장 찍장 매콤쌈장,PROCESSED,RECOMMENDABLE,300,10g,220,2.33,14,0.9,747,6.67,0.2,15100066,"","",false,FOODQR,LABEL_DERIVED
216,LABEL_OR_FOODQR_REQUIRED,28,6,2929,MFDS_STANDARD_PROCESSED,P112-013001300-0005,씨제이제일제당(주),고기전용쌈장,PROCESSED,RECOMMENDABLE,900,10g,195,7,35,3.1,2310,19,0.6,15100066,"","",false,FOODQR,LABEL_DERIVED
217,LABEL_OR_FOODQR_REQUIRED,28,7,3333,MFDS_STANDARD_PROCESSED,P112-009000900-0139,씨제이제일제당(주),가정식 집된장,PROCESSED,RECOMMENDABLE,1000,10g,170,14,19,4.4,2970,5,0.7,15100066,"","",false,FOODQR,LABEL_DERIVED
218,LABEL_OR_FOODQR_REQUIRED,28,8,4040,MFDS_STANDARD_PROCESSED,P123-201020300-0358,씨제이제일제당(주),계절밥상매운고추장닭갈비,PROCESSED,RECOMMENDABLE,500,210g,146,9.2,15.2,5.4,366,5,1.8,15100066,"","",false,FOODQR,LABEL_DERIVED
219,LABEL_OR_FOODQR_REQUIRED,28,9,4042,MFDS_STANDARD_PROCESSED,P123-201020300-0357,씨제이제일제당(주),계절밥상마늘간장닭갈비,PROCESSED,RECOMMENDABLE,500,210g,192,12.2,15.2,9.2,322,5.8,1.2,15100066,"","",false,FOODQR,LABEL_DERIVED
220,LABEL_OR_FOODQR_REQUIRED,28,10,4259,MFDS_STANDARD_PROCESSED,P104-701050200-0001,씨제이제일제당(주),고과당,PROCESSED,RECOMMENDABLE,25000,100g,310,0,77,0,0,77,0,15100066,"","",false,FOODQR,LABEL_DERIVED
221,BRAND_OFFICIAL_ALLERGEN_TABLE_REQUIRED,28,1,29171,MFDS_FOOD_NUTRIENT_DB,D202-142000000-0008,크로플각,누텔라 초코 딸기 크로플,OTHER,RECOMMENDABLE,100,100g,255,4,28,13,140,19,,FoodNtrCpntDbInfo02,"","",false,BRAND_OFFICIAL,LABEL_DERIVED
222,BRAND_OFFICIAL_ALLERGEN_TABLE_REQUIRED,28,2,29172,MFDS_FOOD_NUTRIENT_DB,D202-142000000-0009,크로플각,누텔라 초코 바나나 크로플,OTHER,RECOMMENDABLE,100,100g,250,5,25,13,142,15,,FoodNtrCpntDbInfo02,"","",false,BRAND_OFFICIAL,LABEL_DERIVED
223,BRAND_OFFICIAL_ALLERGEN_TABLE_REQUIRED,28,3,29184,MFDS_FOOD_NUTRIENT_DB,D202-142000000-0023,크로플각,누텔라 크로플,OTHER,RECOMMENDABLE,100,100g,225,4,22,12,145,17,,FoodNtrCpntDbInfo02,"","",false,BRAND_OFFICIAL,LABEL_DERIVED
224,BRAND_OFFICIAL_ALLERGEN_TABLE_REQUIRED,28,4,29193,MFDS_FOOD_NUTRIENT_DB,D202-142000000-0033,크로플각,딸기 아이스크림 크로플,OTHER,RECOMMENDABLE,100,100g,235,6.5,19.6,13.8,172,18.8,,FoodNtrCpntDbInfo02,"","",false,BRAND_OFFICIAL,LABEL_DERIVED
225,BRAND_OFFICIAL_ALLERGEN_TABLE_REQUIRED,28,5,29202,MFDS_FOOD_NUTRIENT_DB,D202-142000000-0042,크로플각,마약크림 딸기 크로플,OTHER,RECOMMENDABLE,100,100g,221,4,25,14,135,12,,FoodNtrCpntDbInfo02,"","",false,BRAND_OFFICIAL,LABEL_DERIVED
226,BRAND_OFFICIAL_ALLERGEN_TABLE_REQUIRED,28,6,29203,MFDS_FOOD_NUTRIENT_DB,D202-142000000-0043,크로플각,마약크림 브륄레 크로플,OTHER,RECOMMENDABLE,100,100g,232,4,21,15,138,17,,FoodNtrCpntDbInfo02,"","",false,BRAND_OFFICIAL,LABEL_DERIVED
227,BRAND_OFFICIAL_ALLERGEN_TABLE_REQUIRED,28,7,29204,MFDS_FOOD_NUTRIENT_DB,D202-142000000-0044,크로플각,마약크림 티라미슈 크로플,OTHER,RECOMMENDABLE,100,100g,240,5,26.5,13.7,141,13,,FoodNtrCpntDbInfo02,"","",false,BRAND_OFFICIAL,LABEL_DERIVED
228,BRAND_OFFICIAL_ALLERGEN_TABLE_REQUIRED,28,8,29212,MFDS_FOOD_NUTRIENT_DB,D202-142000000-0052,크로플각,바닐라 아이스크림 크로플,OTHER,RECOMMENDABLE,100,100g,231,6.8,18,15.2,181,17,,FoodNtrCpntDbInfo02,"","",false,BRAND_OFFICIAL,LABEL_DERIVED
229,BRAND_OFFICIAL_ALLERGEN_TABLE_REQUIRED,28,9,29216,MFDS_FOOD_NUTRIENT_DB,D202-142000000-0057,크로플각,붕X싸만코 크로플,OTHER,RECOMMENDABLE,100,100g,221,5,18.5,11.46,152,10,,FoodNtrCpntDbInfo02,"","",false,BRAND_OFFICIAL,LABEL_DERIVED
230,BRAND_OFFICIAL_ALLERGEN_TABLE_REQUIRED,28,10,29219,MFDS_FOOD_NUTRIENT_DB,D202-142000000-0060,크로플각,브라운 치즈 크로플,OTHER,RECOMMENDABLE,100,100g,228,6,20,12.5,150,10,,FoodNtrCpntDbInfo02,"","",false,BRAND_OFFICIAL,LABEL_DERIVED
231,LABEL_OR_FOODQR_REQUIRED,27,1,744,MFDS_STANDARD_PROCESSED,P123-224020200-2513,(주)현대그린푸드 스마트푸드센터,계란듬뿍모닝샌드위치,PROCESSED,RECOMMENDABLE,128,150g,256,8.91,28.75,11.72,488,9.61,4.77,15100066,"","",false,FOODQR,LABEL_DERIVED
232,LABEL_OR_FOODQR_REQUIRED,27,2,1042,MFDS_STANDARD_PROCESSED,P123-226020200-0679,(주)현대그린푸드 스마트푸드센터,고추바삭치킨타코샐러드,PROCESSED,RECOMMENDABLE,242,100g,151,6.42,14.51,7.55,227,2.62,0.86,15100066,"","",false,FOODQR,LABEL_DERIVED
233,LABEL_OR_FOODQR_REQUIRED,27,3,1135,MFDS_STANDARD_PROCESSED,P111-000030100-0228,(주)현대그린푸드 스마트푸드센터,감바스 세트,PROCESSED,RECOMMENDABLE,330,100g,152,6.64,18.03,5.94,317,2,1.21,15100066,"","",false,FOODQR,LABEL_DERIVED
234,LABEL_OR_FOODQR_REQUIRED,27,4,1295,MFDS_STANDARD_PROCESSED,P123-207020300-1243,(주)현대그린푸드 스마트푸드센터,고소한미역국,PROCESSED,RECOMMENDABLE,180,250ml(g),57,1.61,6.22,3.08,276,0.02,0.35,15100066,"","",false,FOODQR,LABEL_DERIVED
235,LABEL_OR_FOODQR_REQUIRED,27,5,1329,MFDS_STANDARD_PROCESSED,P123-212020200-0721,(주)현대그린푸드 스마트푸드센터,고추잡채&꽃빵 세트(W),PROCESSED,RECOMMENDABLE,210,100g,161,4.14,23.81,5.48,334,5.76,0.91,15100066,"","",false,FOODQR,LABEL_DERIVED
236,LABEL_OR_FOODQR_REQUIRED,27,6,1718,MFDS_STANDARD_PROCESSED,P123-201020300-3604,(주)현대그린푸드 스마트푸드센터,고기짬뽕밥,PROCESSED,RECOMMENDABLE,370,210g,115,4.19,17.43,3.14,647,1.76,0.57,15100066,"","",false,FOODQR,LABEL_DERIVED
237,LABEL_OR_FOODQR_REQUIRED,27,7,1998,MFDS_STANDARD_PROCESSED,P123-201020300-3589,(주)현대그린푸드 스마트푸드센터,가지닭살볶음 세트,PROCESSED,RECOMMENDABLE,353,210g,153,3.23,26.88,3.6,142,2.92,0.48,15100066,"","",false,FOODQR,LABEL_DERIVED
238,LABEL_OR_FOODQR_REQUIRED,27,8,2279,MFDS_STANDARD_PROCESSED,P123-207020300-2996,(주)현대그린푸드 스마트푸드센터,감자국(W),PROCESSED,RECOMMENDABLE,230,250ml(g),31,1.35,6.04,0.17,460,0.74,0,15100066,"","",false,FOODQR,LABEL_DERIVED
239,LABEL_OR_FOODQR_REQUIRED,27,9,2405,MFDS_STANDARD_PROCESSED,P111-000030100-0002,(주)현대그린푸드 스마트푸드센터,가쓰오닭안심우엉볶음 세트,PROCESSED,RECOMMENDABLE,268,100g,110,6.72,12.69,4.1,228,3.36,0.41,15100066,"","",false,FOODQR,LABEL_DERIVED
240,LABEL_OR_FOODQR_REQUIRED,27,10,2411,MFDS_STANDARD_PROCESSED,P123-213020300-0947,(주)현대그린푸드 스마트푸드센터,가쓰오간장닭조림&적두홍국밥,PROCESSED,RECOMMENDABLE,315,1식,142,7.53,20.86,3.18,186,2.06,0.64,15100066,"","",false,FOODQR,LABEL_DERIVED
241,BRAND_OFFICIAL_ALLERGEN_TABLE_REQUIRED,27,1,24210,MFDS_FOOD_NUTRIENT_DB,D202-120000000-0132,피자스쿨,고구마 피자,OTHER,RECOMMENDABLE,100,100g,258,11.73,45.41,5.61,359,7.65,,FoodNtrCpntDbInfo02,"","",false,BRAND_OFFICIAL,LABEL_DERIVED
242,BRAND_OFFICIAL_ALLERGEN_TABLE_REQUIRED,27,2,24241,MFDS_FOOD_NUTRIENT_DB,D202-120000000-0165,피자스쿨,고르곤졸라 피자,OTHER,RECOMMENDABLE,100,100g,303,16.67,36.11,10,563,2.5,,FoodNtrCpntDbInfo02,"","",false,BRAND_OFFICIAL,LABEL_DERIVED
243,BRAND_OFFICIAL_ALLERGEN_TABLE_REQUIRED,27,3,24275,MFDS_FOOD_NUTRIENT_DB,D202-120000000-0201,피자스쿨,까르보네 피자,OTHER,RECOMMENDABLE,100,100g,253,13.59,30.98,8.4,424,3.8,,FoodNtrCpntDbInfo02,"","",false,BRAND_OFFICIAL,LABEL_DERIVED
244,BRAND_OFFICIAL_ALLERGEN_TABLE_REQUIRED,27,4,24286,MFDS_FOOD_NUTRIENT_DB,D202-120000000-0212,피자스쿨,깐쇼새우 피자,OTHER,RECOMMENDABLE,100,100g,305,13.89,42.59,8.8,528,5.09,,FoodNtrCpntDbInfo02,"","",false,BRAND_OFFICIAL,LABEL_DERIVED
245,BRAND_OFFICIAL_ALLERGEN_TABLE_REQUIRED,27,5,24293,MFDS_FOOD_NUTRIENT_DB,D202-120000000-0219,피자스쿨,나폴리 피자,OTHER,RECOMMENDABLE,100,100g,241,12.35,29.7,8.24,376,4.12,,FoodNtrCpntDbInfo02,"","",false,BRAND_OFFICIAL,LABEL_DERIVED
246,BRAND_OFFICIAL_ALLERGEN_TABLE_REQUIRED,27,6,24383,MFDS_FOOD_NUTRIENT_DB,D202-120000000-0310,피자스쿨,닭안심살 피자,OTHER,RECOMMENDABLE,100,100g,234,12.73,29.09,7.73,405,3.64,,FoodNtrCpntDbInfo02,"","",false,BRAND_OFFICIAL,LABEL_DERIVED
247,BRAND_OFFICIAL_ALLERGEN_TABLE_REQUIRED,27,7,24387,MFDS_FOOD_NUTRIENT_DB,D202-120000000-0314,피자스쿨,더블갈릭바베큐 피자,OTHER,RECOMMENDABLE,100,100g,271,12.12,33.33,9.7,387,7.27,,FoodNtrCpntDbInfo02,"","",false,BRAND_OFFICIAL,LABEL_DERIVED
248,BRAND_OFFICIAL_ALLERGEN_TABLE_REQUIRED,27,8,24438,MFDS_FOOD_NUTRIENT_DB,D202-120000000-0365,피자스쿨,도이치바이트 피자,OTHER,RECOMMENDABLE,100,100g,258,12.23,32.45,9.04,436,3.72,,FoodNtrCpntDbInfo02,"","",false,BRAND_OFFICIAL,LABEL_DERIVED
249,BRAND_OFFICIAL_ALLERGEN_TABLE_REQUIRED,27,9,24602,MFDS_FOOD_NUTRIENT_DB,D202-120000000-0530,피자스쿨,멕시칸바이트 피자,OTHER,RECOMMENDABLE,100,100g,255,13.27,31.63,8.16,434,4.59,,FoodNtrCpntDbInfo02,"","",false,BRAND_OFFICIAL,LABEL_DERIVED
250,BRAND_OFFICIAL_ALLERGEN_TABLE_REQUIRED,27,10,24651,MFDS_FOOD_NUTRIENT_DB,D202-120000000-0579,피자스쿨,미트러버 피자,OTHER,RECOMMENDABLE,100,100g,308,15,31.11,13.89,1126,3.33,,FoodNtrCpntDbInfo02,"","",false,BRAND_OFFICIAL,LABEL_DERIVED
251,BRAND_OFFICIAL_ALLERGEN_TABLE_REQUIRED,26,1,20768,MFDS_FOOD_NUTRIENT_DB,D202-075000000-0007,바나프레소,진짜감자빵,OTHER,RECOMMENDABLE,100,100g,242,2.5,38.08,8.58,295,3.42,,FoodNtrCpntDbInfo02,"","",false,BRAND_OFFICIAL,LABEL_DERIVED
252,BRAND_OFFICIAL_ALLERGEN_TABLE_REQUIRED,26,2,20813,MFDS_FOOD_NUTRIENT_DB,D202-078000000-0037,바나프레소,진짜고구마빵,OTHER,RECOMMENDABLE,100,100g,287,2,47,10.2,263,18,,FoodNtrCpntDbInfo02,"","",false,BRAND_OFFICIAL,LABEL_DERIVED
253,BRAND_OFFICIAL_ALLERGEN_TABLE_REQUIRED,26,3,20971,MFDS_FOOD_NUTRIENT_DB,D202-082000000-0154,바나프레소,커스터드 도넛,OTHER,RECOMMENDABLE,100,100g,325,5,45,13.33,225,6.67,,FoodNtrCpntDbInfo02,"","",false,BRAND_OFFICIAL,LABEL_DERIVED
254,BRAND_OFFICIAL_ALLERGEN_TABLE_REQUIRED,26,4,21135,MFDS_FOOD_NUTRIENT_DB,D202-083000000-0024,바나프레소,김치 부리또,OTHER,RECOMMENDABLE,100,100g,262,10.32,29.03,11.61,594,3.23,,FoodNtrCpntDbInfo02,"","",false,BRAND_OFFICIAL,LABEL_DERIVED
255,BRAND_OFFICIAL_ALLERGEN_TABLE_REQUIRED,26,5,21139,MFDS_FOOD_NUTRIENT_DB,D202-083000000-0028,바나프레소,핫치킨 부리또,OTHER,RECOMMENDABLE,100,100g,257,9.82,33.74,9.2,571,4.91,,FoodNtrCpntDbInfo02,"","",false,BRAND_OFFICIAL,LABEL_DERIVED
256,BRAND_OFFICIAL_ALLERGEN_TABLE_REQUIRED,26,6,21327,MFDS_FOOD_NUTRIENT_DB,D202-086000000-0164,바나프레소,라즈베리 마카롱,OTHER,RECOMMENDABLE,100,100g,418,6.25,64.25,15,69,49.75,,FoodNtrCpntDbInfo02,"","",false,BRAND_OFFICIAL,LABEL_DERIVED
257,BRAND_OFFICIAL_ALLERGEN_TABLE_REQUIRED,26,7,21338,MFDS_FOOD_NUTRIENT_DB,D202-086000000-0175,바나프레소,블루베리요거트 마카롱,OTHER,RECOMMENDABLE,100,100g,428,5.5,64,16.5,93,39.25,,FoodNtrCpntDbInfo02,"","",false,BRAND_OFFICIAL,LABEL_DERIVED
258,BRAND_OFFICIAL_ALLERGEN_TABLE_REQUIRED,26,8,21342,MFDS_FOOD_NUTRIENT_DB,D202-086000000-0179,바나프레소,순우유 마카롱,OTHER,RECOMMENDABLE,100,100g,438,4.5,56,21.5,62,44,,FoodNtrCpntDbInfo02,"","",false,BRAND_OFFICIAL,LABEL_DERIVED
259,BRAND_OFFICIAL_ALLERGEN_TABLE_REQUIRED,26,9,21345,MFDS_FOOD_NUTRIENT_DB,D202-086000000-0182,바나프레소,초코가나슈 마카롱,OTHER,RECOMMENDABLE,100,100g,410,6,59.25,16.25,63,37.5,,FoodNtrCpntDbInfo02,"","",false,BRAND_OFFICIAL,LABEL_DERIVED
260,BRAND_OFFICIAL_ALLERGEN_TABLE_REQUIRED,26,10,21933,MFDS_FOOD_NUTRIENT_DB,D202-095000000-0087,바나프레소,어니언 베이글,OTHER,RECOMMENDABLE,100,100g,280,11,52,3,400,1,,FoodNtrCpntDbInfo02,"","",false,BRAND_OFFICIAL,LABEL_DERIVED
261,LABEL_OR_FOODQR_REQUIRED,25,1,826,MFDS_STANDARD_PROCESSED,P123-212020200-0026,(주)원푸드림,고기2배,PROCESSED,RECOMMENDABLE,108,100g,185,7.41,31.48,3.24,494,3.7,1.02,15100066,"","",false,FOODQR,LABEL_DERIVED
262,LABEL_OR_FOODQR_REQUIRED,25,2,900,MFDS_STANDARD_PROCESSED,P123-201020200-0813,(주)원푸드림,고기듬뿍소불고기,PROCESSED,RECOMMENDABLE,279,210g,171,6.7,23.72,5.49,197,3.69,1.97,15100066,"","",false,FOODQR,LABEL_DERIVED
263,LABEL_OR_FOODQR_REQUIRED,25,3,953,MFDS_STANDARD_PROCESSED,P123-213020200-1290,(주)원푸드림,고기듬뿍김치제육,PROCESSED,RECOMMENDABLE,368,1식,194,5.8,33.96,3.9,300,2.65,1.01,15100066,"","",false,FOODQR,LABEL_DERIVED
264,LABEL_OR_FOODQR_REQUIRED,25,4,969,MFDS_STANDARD_PROCESSED,P123-213020200-1127,(주)원푸드림,고기듬뿍간장불백,PROCESSED,RECOMMENDABLE,343,1식,185,9.05,18.31,8.42,286,5.37,1.68,15100066,"","",false,FOODQR,LABEL_DERIVED
265,LABEL_OR_FOODQR_REQUIRED,25,5,1406,MFDS_STANDARD_PROCESSED,P123-203020200-2644,(주)원푸드림,고들빼기낙지젓갈삼각,PROCESSED,RECOMMENDABLE,100,210g,187,3.91,38.35,1.95,378,0.43,0.35,15100066,"","",false,FOODQR,LABEL_DERIVED
266,LABEL_OR_FOODQR_REQUIRED,25,6,1421,MFDS_STANDARD_PROCESSED,P123-213020200-1837,(주)원푸드림,고독한블랙정식짜장밥,PROCESSED,RECOMMENDABLE,407,1식,164,4.42,19.9,7.4,560,6.63,1.97,15100066,"","",false,FOODQR,LABEL_DERIVED
267,LABEL_OR_FOODQR_REQUIRED,25,7,1730,MFDS_STANDARD_PROCESSED,P123-203020200-3061,(주)원푸드림,가격파괴소불고기유부초밥,PROCESSED,RECOMMENDABLE,564,210g,180,5.68,26.4,5.68,466,5.97,1.68,15100066,"","",false,FOODQR,LABEL_DERIVED
268,LABEL_OR_FOODQR_REQUIRED,25,8,1745,MFDS_STANDARD_PROCESSED,P123-204020200-0303,(주)원푸드림,가격파괴곱빼기막국수,PROCESSED,RECOMMENDABLE,739,100g,107,2.54,20.9,1.51,317,7.12,0.39,15100066,"","",false,FOODQR,LABEL_DERIVED
269,LABEL_OR_FOODQR_REQUIRED,25,9,1749,MFDS_STANDARD_PROCESSED,P123-212020200-0587,(주)원푸드림,가격파괴5000타코야끼,PROCESSED,RECOMMENDABLE,375,100g,214,6.66,26.9,8.82,581,1.75,1.67,15100066,"","",false,FOODQR,LABEL_DERIVED
270,LABEL_OR_FOODQR_REQUIRED,25,10,1773,MFDS_STANDARD_PROCESSED,P123-216020200-0132,(주)원푸드림,가격파괴반반닭강정,PROCESSED,RECOMMENDABLE,431,100g,328,12.43,38.36,13.9,591,10.91,3,15100066,"","",false,FOODQR,LABEL_DERIVED
271,LABEL_OR_FOODQR_REQUIRED,25,1,1158,MFDS_STANDARD_PROCESSED,P101-404000400-0636,(주)조인앤조인F3,고단백 저당 배꼽 베이글 바질,PROCESSED,RECOMMENDABLE,130,70g,274,13.08,40.77,6.15,515,0.77,1,15100066,"","",false,FOODQR,LABEL_DERIVED
272,LABEL_OR_FOODQR_REQUIRED,25,2,2087,MFDS_STANDARD_PROCESSED,P101-103000100-1937,(주)조인앤조인F3,고단백 저당 르뱅쿠키 시나몬넛츠,PROCESSED,RECOMMENDABLE,50,30g,440,17.8,36,32,416,4.8,14,15100066,"","",false,FOODQR,LABEL_DERIVED
273,LABEL_OR_FOODQR_REQUIRED,25,3,3163,MFDS_STANDARD_PROCESSED,P101-103000100-2340,(주)조인앤조인F3,고단백 저당 르뱅쿠키 녹차마카다미아,PROCESSED,RECOMMENDABLE,50,30g,448,14.6,40,32,390,4.8,14.4,15100066,"","",false,FOODQR,LABEL_DERIVED
274,LABEL_OR_FOODQR_REQUIRED,25,4,3401,MFDS_STANDARD_PROCESSED,P101-405000400-6829,(주)조인앤조인F3,고단백 저당 라이트번 완전영양 플레인,PROCESSED,RECOMMENDABLE,60,70g,310,14.67,40,11,500,1.83,1.67,15100066,"","",false,FOODQR,LABEL_DERIVED
275,LABEL_OR_FOODQR_REQUIRED,25,5,3402,MFDS_STANDARD_PROCESSED,P101-403000400-0613,(주)조인앤조인F3,고단백 저당 네모바게트 플레인,PROCESSED,RECOMMENDABLE,90,70g,220,17.78,35.56,1,583,2.78,0.22,15100066,"","",false,FOODQR,LABEL_DERIVED
276,LABEL_OR_FOODQR_REQUIRED,25,6,3403,MFDS_STANDARD_PROCESSED,P101-403000400-0612,(주)조인앤조인F3,고단백 저당 네모바게트 치즈올리브,PROCESSED,RECOMMENDABLE,90,70g,231,20,34.44,1.78,611,2.44,0.89,15100066,"","",false,FOODQR,LABEL_DERIVED
277,LABEL_OR_FOODQR_REQUIRED,25,7,3421,MFDS_STANDARD_PROCESSED,P101-103000100-2339,(주)조인앤조인F3,고단백 아메리칸쿠키 다크초콜릿,PROCESSED,RECOMMENDABLE,80,30g,479,15,36.25,35,305,11.25,16.25,15100066,"","",false,FOODQR,LABEL_DERIVED
278,LABEL_OR_FOODQR_REQUIRED,25,8,3428,MFDS_STANDARD_PROCESSED,P101-103000100-2338,(주)조인앤조인F3,고단백 르뱅쿠키 흑임자,PROCESSED,RECOMMENDABLE,20,30g,505,12.5,50,28,325,22.5,11,15100066,"","",false,FOODQR,LABEL_DERIVED
279,LABEL_OR_FOODQR_REQUIRED,25,9,3429,MFDS_STANDARD_PROCESSED,P101-103000100-2337,(주)조인앤조인F3,고단백 르뱅쿠키 황치즈,PROCESSED,RECOMMENDABLE,20,30g,510,12.5,50,29,395,23,12.5,15100066,"","",false,FOODQR,LABEL_DERIVED
280,LABEL_OR_FOODQR_REQUIRED,25,10,3430,MFDS_STANDARD_PROCESSED,P101-103000100-2336,(주)조인앤조인F3,고단백 르뱅쿠키 플레인,PROCESSED,RECOMMENDABLE,20,30g,510,14,50,27.5,430,27,14,15100066,"","",false,FOODQR,LABEL_DERIVED
281,BRAND_OFFICIAL_ALLERGEN_TABLE_REQUIRED,25,1,24246,MFDS_FOOD_NUTRIENT_DB,D202-120000000-0170,난타5000피자,골드고구마 피자 (L),OTHER,RECOMMENDABLE,100,100g,283,12.51,37.84,9.07,278,4.91,,FoodNtrCpntDbInfo02,"","",false,BRAND_OFFICIAL,LABEL_DERIVED
282,BRAND_OFFICIAL_ALLERGEN_TABLE_REQUIRED,25,2,24250,MFDS_FOOD_NUTRIENT_DB,D202-120000000-0174,난타5000피자,골드바베큐필레 피자 (L),OTHER,RECOMMENDABLE,100,100g,278,11.54,35.47,9.99,332,6.05,,FoodNtrCpntDbInfo02,"","",false,BRAND_OFFICIAL,LABEL_DERIVED
283,BRAND_OFFICIAL_ALLERGEN_TABLE_REQUIRED,25,3,24251,MFDS_FOOD_NUTRIENT_DB,D202-120000000-0175,난타5000피자,골드베스트 피자 (L),OTHER,RECOMMENDABLE,100,100g,266,10.34,32.46,10.51,334,5.06,,FoodNtrCpntDbInfo02,"","",false,BRAND_OFFICIAL,LABEL_DERIVED
284,BRAND_OFFICIAL_ALLERGEN_TABLE_REQUIRED,25,4,24252,MFDS_FOOD_NUTRIENT_DB,D202-120000000-0176,난타5000피자,골드베이컨 피자 (L),OTHER,RECOMMENDABLE,100,100g,378,17.15,44.99,14.4,423,6.6,,FoodNtrCpntDbInfo02,"","",false,BRAND_OFFICIAL,LABEL_DERIVED
285,BRAND_OFFICIAL_ALLERGEN_TABLE_REQUIRED,25,5,24256,MFDS_FOOD_NUTRIENT_DB,D202-120000000-0181,난타5000피자,골드스테이크 피자 (L),OTHER,RECOMMENDABLE,100,100g,357,21.22,35.5,14.44,446,6.6,,FoodNtrCpntDbInfo02,"","",false,BRAND_OFFICIAL,LABEL_DERIVED
286,BRAND_OFFICIAL_ALLERGEN_TABLE_REQUIRED,25,6,24264,MFDS_FOOD_NUTRIENT_DB,D202-120000000-0190,난타5000피자,골드프리미엄 불고기 피자 (L),OTHER,RECOMMENDABLE,100,100g,377,17.73,42.67,15,444,6.37,,FoodNtrCpntDbInfo02,"","",false,BRAND_OFFICIAL,LABEL_DERIVED
287,BRAND_OFFICIAL_ALLERGEN_TABLE_REQUIRED,25,7,24266,MFDS_FOOD_NUTRIENT_DB,D202-120000000-0192,난타5000피자,골드핫치킨 피자 (L),OTHER,RECOMMENDABLE,100,100g,371,20.84,40.61,13.88,478,7.18,,FoodNtrCpntDbInfo02,"","",false,BRAND_OFFICIAL,LABEL_DERIVED
288,BRAND_OFFICIAL_ALLERGEN_TABLE_REQUIRED,25,8,24794,MFDS_FOOD_NUTRIENT_DB,D202-120000000-0725,난타5000피자,불고기 피자 (L),OTHER,RECOMMENDABLE,100,100g,314,15.25,39.12,10.77,346,3.41,,FoodNtrCpntDbInfo02,"","",false,BRAND_OFFICIAL,LABEL_DERIVED
289,BRAND_OFFICIAL_ALLERGEN_TABLE_REQUIRED,25,9,25319,MFDS_FOOD_NUTRIENT_DB,D202-120000000-1258,난타5000피자,체다바비큐필레 피자 (L),OTHER,RECOMMENDABLE,100,100g,278,11.54,35.47,9.99,332,6.05,,FoodNtrCpntDbInfo02,"","",false,BRAND_OFFICIAL,LABEL_DERIVED
290,BRAND_OFFICIAL_ALLERGEN_TABLE_REQUIRED,25,10,25326,MFDS_FOOD_NUTRIENT_DB,D202-120000000-1265,난타5000피자,체다콤비네이션 피자 (L),OTHER,RECOMMENDABLE,100,100g,349,20.76,32.04,15.33,413,3.24,,FoodNtrCpntDbInfo02,"","",false,BRAND_OFFICIAL,LABEL_DERIVED
291,LABEL_OR_FOODQR_REQUIRED,25,1,1560,MFDS_STANDARD_PROCESSED,P103-101020500-0020,롯데제과(주),가나 앙상블 휘앙티누,PROCESSED,RECOMMENDABLE,68,15g,566,8.24,51.47,36.76,110,48.53,22.06,15100066,"","",false,FOODQR,LABEL_DERIVED
292,LABEL_OR_FOODQR_REQUIRED,25,2,1562,MFDS_STANDARD_PROCESSED,P103-101020500-0019,롯데제과(주),가나 앙상블 티라미수,PROCESSED,RECOMMENDABLE,68,15g,574,7.06,52.94,36.76,118,47.06,20.59,15100066,"","",false,FOODQR,LABEL_DERIVED
293,LABEL_OR_FOODQR_REQUIRED,25,3,1564,MFDS_STANDARD_PROCESSED,P103-101020500-0018,롯데제과(주),가나 앙상블 다크쇼콜라,PROCESSED,RECOMMENDABLE,68,15g,581,7.94,47.06,39.71,66,42.65,23.53,15100066,"","",false,FOODQR,LABEL_DERIVED
294,LABEL_OR_FOODQR_REQUIRED,25,4,1877,MFDS_STANDARD_PROCESSED,P103-101020100-0021,롯데제과(주),가나에어라이트다크브라우닝,PROCESSED,RECOMMENDABLE,33,15g,545,9.09,51.52,33.33,45,42.42,21.21,15100066,"","",false,FOODQR,LABEL_DERIVED
295,LABEL_OR_FOODQR_REQUIRED,25,5,1883,MFDS_STANDARD_PROCESSED,P103-101020200-0012,롯데제과(주),가나시그니처생크림디저트밀크카라멜,PROCESSED,RECOMMENDABLE,32,15g,547,6.25,56.25,31.25,63,50,21.88,15100066,"","",false,FOODQR,LABEL_DERIVED
296,LABEL_OR_FOODQR_REQUIRED,25,6,1885,MFDS_STANDARD_PROCESSED,P103-101020100-0020,롯데제과(주),가나시그니처생크림디저트다크라즈베리,PROCESSED,RECOMMENDABLE,32,15g,550,6.25,56.25,31.25,47,46.88,18.75,15100066,"","",false,FOODQR,LABEL_DERIVED
297,LABEL_OR_FOODQR_REQUIRED,25,7,2652,MFDS_STANDARD_PROCESSED,P102-101010100-0039,롯데제과(주),구운피스타치오&체리,PROCESSED,RECOMMENDABLE,,100ml,205,4,20,12,45,18,7,15100066,"","",false,FOODQR,LABEL_DERIVED
298,LABEL_OR_FOODQR_REQUIRED,25,8,2691,MFDS_STANDARD_PROCESSED,P102-103010300-0006,롯데제과(주),가나소프트콘,PROCESSED,RECOMMENDABLE,,100ml,95,1.62,14.59,3.24,27,9.73,1.95,15100066,"","",false,FOODQR,LABEL_DERIVED
299,LABEL_OR_FOODQR_REQUIRED,25,9,2693,MFDS_STANDARD_PROCESSED,P103-101020100-0018,롯데제과(주),가나블랙,PROCESSED,RECOMMENDABLE,70,15g,557,5.71,51.43,37.14,0,45.71,22.86,15100066,"","",false,FOODQR,LABEL_DERIVED
300,LABEL_OR_FOODQR_REQUIRED,25,10,2703,MFDS_STANDARD_PROCESSED,P103-101020200-0008,롯데제과(주),가나마일드,PROCESSED,RECOMMENDABLE,70,15g,557,8.57,54.29,34.29,64,50,21.43,15100066,"","",false,FOODQR,LABEL_DERIVED
