raw_name,heuristic_display,corrected_display
(반)NEW 화이트시트 3호_25,(반)NEW 화이트시트 3호,NEW 화이트시트 3호
(반)NEW 화이트시트 4호_25,(반)NEW 화이트시트 4호,NEW 화이트시트 4호
(반)NEW 화이트시트_23,(반)NEW 화이트시트,NEW 화이트시트
(반)가토쇼콜라_23,(반)가토쇼콜라,가토쇼콜라
(반)당근 케이크_23,(반)당근 케이크,당근 케이크
(반)두바이 쫀득 쿠키_26,(반)두바이 쫀득 쿠키,두바이 쫀득 쿠키
(반)로즈베리 콩포트 필링_26,(반)로즈베리 콩포트 필링,로즈베리 콩포트 필링
(반)루돌프 모카 크런치_23,(반)루돌프 모카 크런치,루돌프 모카 크런치
(반)리틀 스노우맨_23,(반)리틀 스노우맨,리틀 스노우맨
(반)리틀베어 초코 컵케이크_25,(반)리틀베어 초코 컵케이크,리틀베어 초코 컵케이크
(반)말차 갸또 스퀘어_25,(반)말차 갸또 스퀘어,말차 갸또 스퀘어
(반)망고딸기 요거트케이크_25,(반)망고딸기 요거트케이크,망고딸기 요거트케이크
(반)머스코바도 쇼트케이크 시트_24,(반)머스코바도 쇼트케이크 시트,머스코바도 쇼트케이크 시트
(반)멜팅 초코 쉬폰_23,(반)멜팅 초코 쉬폰,멜팅 초코 쉬폰
(반)밀크&넛츠 리스무스_23,(반)밀크&넛츠 리스무스,밀크&넛츠 리스무스
(반)밀키 롤 케이크_25,(반)밀키 롤 케이크,밀키 롤 케이크
(반)바나나 컵케이크_24,(반)바나나 컵케이크,바나나 컵케이크
(반)발로나 모카_24,(반)발로나 모카,발로나 모카
(반)쇼콜라아이싱케이크_25,(반)쇼콜라아이싱케이크,쇼콜라아이싱케이크
(반)슈 케이크_24,(반)슈 케이크,슈 케이크
(반)스퀘어 화이트 마스카포네_24,(반)스퀘어 화이트 마스카포네,스퀘어 화이트 마스카포네
(반)스트로베리 레드벨벳_25,(반)스트로베리 레드벨벳,스트로베리 레드벨벳
(반)스트로베리 컵케이크_26,(반)스트로베리 컵케이크,스트로베리 컵케이크
(반)시그니처 망고 케이크_26,(반)시그니처 망고 케이크,시그니처 망고 케이크
(반)시그니처 스트로베리 케이크_26,(반)시그니처 스트로베리 케이크,시그니처 스트로베리 케이크
(반)시그니처 스트로베리 케이크_26(냉장),(반)시그니처 스트로베리 케이크(냉장),시그니처 스트로베리 케이크(냉장)
(반)아이싱 모카 쉬폰_26,(반)아이싱 모카 쉬폰,아이싱 모카 쉬폰
(반)아이싱 스트로베리 쉬폰_26,(반)아이싱 스트로베리 쉬폰,아이싱 스트로베리 쉬폰
(반)아이싱 얼그레이 쉬폰_26,(반)아이싱 얼그레이 쉬폰,아이싱 얼그레이 쉬폰
(반)아이싱 초코 쉬폰_26,(반)아이싱 초코 쉬폰,아이싱 초코 쉬폰
(반)얼그레이 쉬폰 1호_23,(반)얼그레이 쉬폰 1호,얼그레이 쉬폰 1호
(반)요거 마스카포네 케이크_25,(반)요거 마스카포네 케이크,요거 마스카포네 케이크
(반)요거트 케이크_25,(반)요거트 케이크,요거트 케이크
(반)윈터 박스_25,(반)윈터 박스,윈터 박스
(반)제노와즈 오 쇼콜라_23,(반)제노와즈 오 쇼콜라,제노와즈 오 쇼콜라
(반)초코 바나나 로쉐_25,(반)초코 바나나 로쉐,초코 바나나 로쉐
(반)컵 티라미수_21,(반)컵 티라미수,컵 티라미수
(반)통 얼그레이 쉬폰_24,(반)통 얼그레이 쉬폰,통 얼그레이 쉬폰
(반)트리 가토 바닥_23,(반)트리 가토 바닥,트리 가토 바닥
(반)트리 화이트 시트(쨈샌드)_23,(반)트리 화이트 시트(쨈샌드),트리 화이트 시트(쨈샌드)
(반)프로마쥬 타르트_24,(반)프로마쥬 타르트,프로마쥬 타르트
(반)플레인 쉬폰 케이크_24,(반)플레인 쉬폰 케이크,플레인 쉬폰 케이크
(반)피스타치오 제노와즈 2호_26,(반)피스타치오 제노와즈 2호,피스타치오 제노와즈 2호
(반)하트 투 하트 무스_24,(반)하트 투 하트 무스,하트 투 하트 무스
(탭스)김밥(반제)_방풍나물김밥 3줄*1팩,방풍나물김밥 3줄*1팩,방풍나물김밥 3줄*1팩
(특)얼그레이 롤케이크_24,(특)얼그레이 롤케이크,(특)얼그레이 롤케이크
(특)초코 롤케이크_24,(특)초코 롤케이크,(특)초코 롤케이크
(특)화이트바닐라빈 롤케이크_24,(특)화이트바닐라빈 롤케이크,(특)화이트바닐라빈 롤케이크
23XMAS_윈터겹겹이크레이프_냉동_EA,윈터겹겹이크레이프(냉동),윈터겹겹이크레이프(냉동)
24XMAS_위시화이트초코케이크,위시화이트초코케이크,위시화이트초코케이크
25X_메리루돌프,메리루돌프,메리루돌프
25X_시나모롤드림볼,시나모롤드림볼,시나모롤드림볼
25X_신데렐라마법의성,신데렐라마법의성,신데렐라마법의성
25X_윈터밀크초코,윈터밀크초코,윈터밀크초코
25X_해피눈사람,해피눈사람,해피눈사람
25X_헬로우산타,헬로우산타,헬로우산타
25X_헬로카봇스타가디언케이크,헬로카봇스타가디언케이크,헬로카봇스타가디언케이크
6곡단팥빵_밤,밤6곡단팥빵,밤 6곡단팥빵
6곡단팥빵_소보루,소보루6곡단팥빵,소보루 6곡단팥빵
6곡단팥빵_앙버터,앙버터6곡단팥빵,앙버터 6곡단팥빵
6곡단팥빵_유산균,유산균6곡단팥빵,유산균 6곡단팥빵
6곡단팥빵_크림치즈,크림치즈6곡단팥빵,크림치즈 6곡단팥빵
6곡단팥빵_호두,호두6곡단팥빵,호두 6곡단팥빵
6곡쿠키_모카,모카6곡쿠키,모카 6곡쿠키
6곡쿠키_버미쉘,버미쉘6곡쿠키,버미쉘 6곡쿠키
6곡쿠키_시나몬,시나몬6곡쿠키,시나몬 6곡쿠키
6곡쿠키_아몬드,아몬드6곡쿠키,아몬드 6곡쿠키
6곡쿠키_초코,초코6곡쿠키,초코 6곡쿠키
6곡쿠키_코코넛,코코넛6곡쿠키,코코넛 6곡쿠키
AKURA_BBQ김,BBQ김,BBQ 김
AKURA_BORSCHT(브로쉬맛)김,BORSCHT(브로쉬맛)김,BORSCHT(브로쉬맛) 김
AKURA_KIMCHI김,KIMCHI김,KIMCHI 김
AKURA_SALTED CARAMEL(솔티드카라멜맛)김,SALTED CARAMEL(솔티드카라멜맛)김,SALTED CARAMEL(솔티드카라멜맛) 김
AKURA_와사비김,와사비김,와사비김
AKURA_재래김,재래김,재래김
C10_든든현미밥과 데리야끼연근치킨,든든현미밥과 데리야끼연근치킨,든든현미밥과 데리야끼연근치킨
C11_든든현미밥과 표고버섯불고기,든든현미밥과 표고버섯불고기,든든현미밥과 표고버섯불고기
C12_든든현미밥과 매콤제육볶음,든든현미밥과 매콤제육볶음,든든현미밥과 매콤제육볶음
C1_든든현미밥과 삼삼숙주불고기,든든현미밥과 삼삼숙주불고기,든든현미밥과 삼삼숙주불고기
C2_든든현미밥과 마파두부소보로,든든현미밥과 마파두부소보로,든든현미밥과 마파두부소보로
C3_든든현미밥과 안동식표고버섯찜닭,든든현미밥과 안동식표고버섯찜닭,든든현미밥과 안동식표고버섯찜닭
C4_든든현미밥과 토마토제육불고기,든든현미밥과 토마토제육불고기,든든현미밥과 토마토제육불고기
C5_든든현미밥과 칠리두부소보로,든든현미밥과 칠리두부소보로,든든현미밥과 칠리두부소보로
C6_든든현미밥과 토마토치즈대구필렛,든든현미밥과 토마토치즈대구필렛,든든현미밥과 토마토치즈대구필렛
C7_든든현미밥과 영양수삼찜닭,든든현미밥과 영양수삼찜닭,든든현미밥과 영양수삼찜닭
C8_든든현미밥과 오크라표고제육불고기,든든현미밥과 오크라표고제육불고기,든든현미밥과 오크라표고제육불고기
C9_든든현미밥과 계란두부소보로,든든현미밥과 계란두부소보로,든든현미밥과 계란두부소보로
CP 과당 팝콘_간장고수맛,간장고수맛,과당 팝콘(간장고수맛)
CP 과당 팝콘_마라맛,CP 과당 팝콘 마라맛,과당 팝콘(마라맛)
D10_기장렌틸콩밥과 데리야끼연근치킨,기장렌틸콩밥과 데리야끼연근치킨,기장렌틸콩밥과 데리야끼연근치킨
D11_현미수수밥과 표고버섯불고기,현미수수밥과 표고버섯불고기,현미수수밥과 표고버섯불고기
D12_귀리보리밥과 매콤제육볶음,귀리보리밥과 매콤제육볶음,귀리보리밥과 매콤제육볶음
D1_현미수수밥과 삼삼숙주불고기,현미수수밥과 삼삼숙주불고기,현미수수밥과 삼삼숙주불고기
D2_귀리보리밥과 마파두부소보로,귀리보리밥과 마파두부소보로,귀리보리밥과 마파두부소보로
D3_기장렌틸콩밥과 안동식표고버섯찜닭,기장렌틸콩밥과 안동식표고버섯찜닭,기장렌틸콩밥과 안동식표고버섯찜닭
D4_귀리보리밥과 토마토제육불고기,귀리보리밥과 토마토제육불고기,귀리보리밥과 토마토제육불고기
D5_귀리보리밥과 칠리두부소보로,귀리보리밥과 칠리두부소보로,귀리보리밥과 칠리두부소보로
D6_기장렌틸콩밥과 토마토치즈대구필렛,기장렌틸콩밥과 토마토치즈대구필렛,기장렌틸콩밥과 토마토치즈대구필렛
D7_현미수수밥과 영양수삼찜닭,현미수수밥과 영양수삼찜닭,현미수수밥과 영양수삼찜닭
D8_기장렌틸콩밥과 오크라표고제육불고기,기장렌틸콩밥과 오크라표고제육불고기,기장렌틸콩밥과 오크라표고제육불고기
D9_현미수수밥과 계란두부소보로,현미수수밥과 계란두부소보로,현미수수밥과 계란두부소보로
DAY_day 유기농 NFC 레몬즙 100,day 유기농 NFC 레몬즙 100,유기농 NFC 레몬즙 100
FV_분짜드레싱(소포장),분짜드레싱(소포장),분짜드레싱(소포장)
FV_치미추리소스,치미추리소스,치미추리소스
Gourmet 고메 탕수육_CC,Gourmet 고메 탕수육,Gourmet 고메 탕수육
JH_고추양념소스_v1,고추양념소스,고추양념소스
JH_고추양념소스_v2,고추양념소스,고추양념소스
JH_고추양념소스_v3,고추양념소스,고추양념소스
PB1_삼삼숙주불고기,삼삼숙주불고기,삼삼숙주불고기
PP2_오크라표고제육불고기,오크라표고제육불고기,오크라표고제육불고기
PT1_마파두부소보로,마파두부소보로,마파두부소보로
PT2_계란두부소보로,계란두부소보로,계란두부소보로
PT3_칠리두부소보로,칠리두부소보로,칠리두부소보로
S_갈레트브루통,갈레트브루통(S),갈레트브루통
S_녹차까눌레,녹차까눌레(S),녹차까눌레
S_뉴욕치즈케이크,뉴욕치즈케이크(S),뉴욕치즈케이크
S_단팥빵(완제),단팥빵(완제)(S),단팥빵
S_딸기까눌레,딸기까눌레(S),딸기까눌레
S_딸기티라미수,딸기티라미수(S),딸기티라미수
S_마카다미아 르뱅쿠키,마카다미아 르뱅쿠키(S),마카다미아 르뱅쿠키
S_모카까눌레,모카까눌레(S),모카까눌레
S_무화과크림치즈휘낭시에,무화과크림치즈휘낭시에(S),무화과크림치즈휘낭시에
S_베리초코휘낭시에,베리초코휘낭시에(S),베리초코휘낭시에
S_브라우니,브라우니(S),브라우니
S_소금빵(완제),소금빵(완제)(S),소금빵
S_솔티드카라멜휘낭시에,솔티드카라멜휘낭시에(S),솔티드카라멜휘낭시에
S_초코피칸휘낭시에,초코피칸휘낭시에(S),초코피칸휘낭시에
S_플레인휘낭시에,플레인휘낭시에(S),플레인휘낭시에
s_크랜베리 르뱅쿠키,크랜베리 르뱅쿠키(s),크랜베리 르뱅쿠키
가공우유_딸기맛,딸기맛가공우유,가공우유(딸기맛)
간장오삼불고기_반조리,반조리간장오삼불고기,간장오삼불고기(반조리)
간장오징어볶음_반조리,반조리간장오징어볶음,간장오징어볶음(반조리)
갈비구이_소고기,소고기갈비구이,소고기갈비구이
갈비찜_소고기,소고기갈비찜,소고기갈비찜
갈치구이_기름,기름갈치구이,기름갈치구이
갈치젓_양념,양념갈치젓,양념갈치젓
감귤생크림케이크_온브릭스,온브릭스감귤생크림케이크,온브릭스 감귤생크림케이크
감당(Gamdang)_토마토편,토마토편감당(Gamdang),토마토편
감자 크래커_땅콩맛,감자 크래커 땅콩맛,감자 크래커(땅콩맛)
감자_찐감자,찐감자,찐감자
감자볶음_채소,채소감자볶음,채소감자볶음
겉절이_배추,배추겉절이,배추겉절이
겉절이_상추,상추겉절이,상추겉절이
겉절이_열무,열무겉절이,열무겉절이
겉절이_치커리,치커리겉절이,치커리겉절이
경단_깨,깨경단,깨경단
경상도식소고기무국_냉동,경상도식소고기무국(냉동),경상도식소고기무국(냉동)
고구마_찐고구마,찐고구마,찐고구마
고등어구이_석쇠,석쇠고등어구이,석쇠고등어구이
곡물빵_통밀,통밀곡물빵,통밀곡물빵
골뱅이무침_소면,소면골뱅이무침,소면골뱅이무침
곰돌이 푸_부드러운 카스테라,부드러운 카스테라,부드러운 카스테라
곰탕_우거지,우거지곰탕,우거지곰탕
곱창구이_소고기,소고기곱창구이,소고기곱창구이
곱창볶음_돼지고기,돼지고기곱창볶음,돼지고기곱창볶음
과·채음료_사과,사과과·채음료,사과 과채음료
과·채음료_토마토,토마토과·채음료,토마토 과채음료
과·채주스_귤,귤과·채주스,귤주스
과·채주스_오렌지,오렌지과·채주스,오렌지주스
과·채주스_푸룬,푸룬과·채주스,푸룬주스
구운 카다이피 (점보)_760g,구운 카다이피 (점보),구운 카다이피 (점보)
국밥_돼지머리,돼지머리국밥,돼지머리국밥
국밥_순대국밥,순대국밥,순대국밥
국밥_콩나물,콩나물국밥,콩나물국밥
국수_막국수,막국수,막국수
국수_비빔국수,비빔국수,비빔국수
국수_잔치국수,잔치국수,잔치국수
국수_쟁반막국수,쟁반막국수,쟁반막국수
굴국_무,무굴국,무굴국
그리니 생오이 슬라이스 피클_100g,그리니 생오이 슬라이스 피클,그리니 생오이 슬라이스 피클
기타차_하동매실피치티 핫(HOT),하동매실피치티 핫(HOT),하동매실피치티 핫(HOT)
김_무조미김,무조미김,무조미김
김_장봉 조미김,장봉 조미김,장봉 조미김
김_조은음식드림 조미김가루,조은음식드림 조미김가루,조미김가루
김_해조명가 곱창조미김,해조명가 곱창조미김,해조명가 곱창조미김
김구이_조미김,조미김김구이,조미김 김구이
김밥(반제)_매콤제육,매콤제육김밥(반제),매콤제육김밥(반제)
김밥(반제)_원조,원조김밥(반제),원조김밥(반제)
김밥(반제)_참치,참치김밥(반제),참치김밥(반제)
김밥_김치,김치김밥,김치김밥
김밥_날치알,날치알김밥,날치알김밥
김밥_돈가스,돈가스김밥,돈가스김밥
김밥_소고기,소고기김밥,소고기김밥
김밥_참치,참치김밥,참치김밥
김밥_채소,채소김밥,채소김밥
김밥_치즈,치즈김밥,치즈김밥
김밥_풋고추,풋고추김밥,풋고추김밥
김치국_콩나물,콩나물김치국,콩나물김치국
김치볶음_참치,참치김치볶음,참치김치볶음
김치찌개_꽁치,꽁치김치찌개,꽁치김치찌개
김치찌개_돼지고기,돼지고기김치찌개,돼지고기김치찌개
김치찌개_어묵,어묵김치찌개,어묵김치찌개
김치찌개_참치,참치김치찌개,참치김치찌개
김치찌개_햄,햄김치찌개,햄김치찌개
꼬치구이_닭고기_대파,닭고기대파꼬치구이,닭고기대파꼬치구이
꽃게장_간장,간장꽃게장,간장꽃게장
꽃게장_양념,양념꽃게장,양념꽃게장
꿀고구마케이크_M9,꿀고구마케이크,꿀고구마케이크
내 아이와_구워먹는치즈,구워먹는치즈,구워먹는치즈
냉국_미역,미역냉국,미역냉국
냉국_미역_오이,미역오이냉국,미역오이냉국
냉동 망고미트_1kg,냉동 망고미트,냉동 망고미트
냉동 생중화면_F,냉동 생중화면,냉동 생중화면
냉동혼합야채(4종_볶음밥용),냉동혼합야채(4종 볶음밥용),냉동혼합야채(4종 볶음밥용)
냉면_물냉면,물냉면,물냉면
냉면_비빔냉면,비빔냉면,비빔냉면
냉면_회냉면_홍어,홍어회냉면,홍어회냉면
냉채_닭고기,닭고기냉채,닭고기냉채
달걀부침(달걀후라이)_햄,햄달걀부침(달걀후라이),햄달걀부침(달걀후라이)
달걀찜_당근,당근달걀찜,당근달걀찜
달걀찜_두부,두부달걀찜,두부달걀찜
달걀찜_새우젓,새우젓달걀찜,새우젓달걀찜
달걀찜_우유,우유달걀찜,우유달걀찜
달걀찜_채소,채소달걀찜,채소달걀찜
달걀탕_순두부,순두부달걀탕,순두부달걀탕
달래무침_오이,오이달래무침,오이달래무침
닭가슴살 샐러드_드레싱,닭가슴살 샐러드 드레싱,닭가슴살 샐러드 드레싱
닭가슴살 샐러드_마요네즈,닭가슴살 샐러드 마요네즈,닭가슴살 샐러드 마요네즈
닭구이_바베큐치킨스테이크,바베큐치킨스테이크,바베큐치킨스테이크
닭껍데기튀김_BBQ 닭껍데기,BBQ 닭껍데기,BBQ 닭껍데기
닭다리구이_자메이카 통다리구이,자메이카 통다리구이,자메이카 통다리구이
닭다리구이_자메이카 통다리구이 반마리,자메이카 통다리구이 반마리,자메이카 통다리구이 반마리
닭다리튀김_간장,간장닭다리튀김,간장닭다리튀김
닭다리튀김_다리 스틱,다리 스틱,다리 스틱
닭다리튀김_봉 (5조각),봉 (5조각),봉 (5조각)
닭다리튀김_치킨다리 (1조각),치킨다리 (1조각),치킨다리 (1조각)
닭다리튀김_황금올리브치킨 닭다리,황금올리브치킨 닭다리,황금올리브치킨 닭다리
닭다리튀김_황올 반+양념 반 닭다리 치킨,황올 반+양념 반 닭다리 치킨,황올 반+양념 반 닭다리 치킨
닭모래집튀김_매콤똥집튀김,매콤똥집튀김,매콤똥집튀김
닭발구이_마닭 불닭발,마닭 불닭발,마닭 불닭발
닭발구이_무뼈닭발,무뼈닭발닭발구이,무뼈닭발닭발구이
닭발구이_불닭발,불닭발닭발구이,불닭발닭발구이
닭발구이_참숯닭발,참숯닭발닭발구이,참숯닭발닭발구이
닭발구이_한입쏙직화 닭발,한입쏙직화 닭발,한입쏙직화 닭발
닭발튀김_황올한 닭발튀김,황올한 닭발튀김,황올한 닭발튀김
닭볶음(닭갈비)_간편조리세트_모짜렐라 치즈 닭갈비,모짜렐라 치즈 닭갈비(간편조리세트),모짜렐라 치즈 닭갈비(간편조리세트)
닭볶음(닭갈비)_간편조리세트_치즈 품은 닭갈비,치즈 품은 닭갈비(간편조리세트),치즈 품은 닭갈비(간편조리세트)
닭볶음(닭갈비)_간편조리세트_치즈이불 닭갈비,치즈이불 닭갈비(간편조리세트),치즈이불 닭갈비(간편조리세트)
닭볶음(닭갈비)_닭가슴살_피망,닭가슴살피망닭볶음(닭갈비),닭가슴살피망닭볶음(닭갈비)
닭볶음(닭갈비)_매운양념,매운양념닭볶음(닭갈비),매운양념닭볶음(닭갈비)
닭볶음(닭갈비)_매운양념_치즈,매운양념치즈닭볶음(닭갈비),매운양념치즈닭볶음(닭갈비)
닭볶음탕_간편조리세트_곱도리탕,곱도리탕닭볶음탕(간편조리세트),곱도리탕닭볶음탕(간편조리세트)
닭조림_고추장,고추장닭조림,고추장닭조림
닭죽_채소,채소닭죽,채소닭죽
닭찜_간장,간장닭찜,간장닭찜
닭찜_간편조리세트_안동식 찜닭,안동식 찜닭(간편조리세트),안동식 찜닭(간편조리세트)
닭찜_매운양념,매운양념닭찜,매운양념닭찜
닭찜_안동찜닭,안동찜닭닭찜,안동찜닭닭찜
닭튀김_New치킨너겟,New치킨너겟,New치킨너겟
닭튀김_No.1포테이토닥토닭 치킨,No.1포테이토닥토닭 치킨,No.1포테이토닥토닭 치킨
닭튀김_간장 치킨,간장 치킨,간장 치킨
닭튀김_갈비천왕 치킨,갈비천왕 치킨,갈비천왕 치킨
닭튀김_강정 치킨,강정 치킨,강정 치킨
닭튀김_고추바사삭 치킨,고추바사삭 치킨,고추바사삭 치킨
닭튀김_교촌순살 치킨,교촌순살 치킨,교촌순살 치킨
닭튀김_교촌순살 치킨 (S),교촌순살 치킨 (S),교촌순살 치킨 (S)
닭튀김_교촌오리지날 치킨,교촌오리지날 치킨,교촌오리지날 치킨
닭튀김_교촌윙 치킨,교촌윙 치킨,교촌윙 치킨
닭튀김_교촌윙 치킨 (S),교촌윙 치킨 (S),교촌윙 치킨 (S)
닭튀김_교촌콤보 치킨,교촌콤보 치킨,교촌콤보 치킨
닭튀김_교촌콤보 치킨 (S),교촌콤보 치킨 (S),교촌콤보 치킨 (S)
닭튀김_극장판치킨 고추치즈편,극장판치킨 고추치즈편,극장판치킨 고추치즈편
닭튀김_극한왕갈비 치킨,극한왕갈비 치킨,극한왕갈비 치킨
닭튀김_깐풍요리 치킨,깐풍요리 치킨,깐풍요리 치킨
닭튀김_꿀잼 치킨,꿀잼 치킨,꿀잼 치킨
닭튀김_꿔바로우 치킨,꿔바로우 치킨,꿔바로우 치킨
닭튀김_날개,날개닭튀김,날개닭튀김
닭튀김_날다닭 치킨,날다닭 치킨,날다닭 치킨
닭튀김_날다닭간장 치킨,날다닭간장 치킨,날다닭간장 치킨
닭튀김_날다닭마늘 치킨,날다닭마늘 치킨,날다닭마늘 치킨
닭튀김_너겟,너겟닭튀김,너겟닭튀김
닭튀김_눈맞은 치킨,눈맞은 치킨,눈맞은 치킨
닭튀김_다리(넓적다리),다리(넓적다리),다리(넓적다리)
닭튀김_다리(아랫다리),다리(아랫다리),다리(아랫다리)
닭튀김_단짠갈릭 치킨,단짠갈릭 치킨,단짠갈릭 치킨
닭튀김_닭가슴살,닭가슴살닭튀김,닭가슴살닭튀김
닭튀김_두마리같은한마리치킨주세요,두마리같은한마리치킨주세요,두마리같은한마리치킨주세요
닭튀김_땡초 치킨,땡초 치킨,땡초 치킨
닭튀김_땡초불꽃 치킨,땡초불꽃 치킨,땡초불꽃 치킨
닭튀김_레드순살 치킨,레드순살 치킨,레드순살 치킨
닭튀김_레드순살 치킨 (S),레드순살 치킨 (S),레드순살 치킨 (S)
닭튀김_레드오리지날 치킨,레드오리지날 치킨,레드오리지날 치킨
닭튀김_레드윙 치킨,레드윙 치킨,레드윙 치킨
닭튀김_레드윙 치킨 (S),레드윙 치킨 (S),레드윙 치킨 (S)
닭튀김_레드콤보 치킨,레드콤보 치킨,레드콤보 치킨
닭튀김_레드콤보 치킨 (S),레드콤보 치킨 (S),레드콤보 치킨 (S)
닭튀김_레몬크림탕슈 안심 순살,레몬크림탕슈 안심 순살,레몬크림탕슈 안심 순살
닭튀김_레블반반콤보 치킨,레블반반콤보 치킨,레블반반콤보 치킨
닭튀김_레허반반순살 치킨,레허반반순살 치킨,레허반반순살 치킨
닭튀김_로스트 치킨 윙/봉(10조각),로스트 치킨 윙/봉(10조각),로스트 치킨 윙/봉(10조각)
닭튀김_로스트 치킨 윙/봉(2조각),로스트 치킨 윙/봉(2조각),로스트 치킨 윙/봉(2조각)
닭튀김_로스트 치킨 윙/봉(6조각),로스트 치킨 윙/봉(6조각),로스트 치킨 윙/봉(6조각)
닭튀김_리얼 치킨 꿔바로우,리얼 치킨 꿔바로우,리얼 치킨 꿔바로우
닭튀김_리얼후라이드 치킨,리얼후라이드 치킨,리얼후라이드 치킨
닭튀김_마늘 치킨,마늘 치킨,마늘 치킨
닭튀김_마늘스태미나 치킨,마늘스태미나 치킨,마늘스태미나 치킨
닭튀김_마늘알마니 치킨,마늘알마니 치킨,마늘알마니 치킨
닭튀김_마라윙&봉 (10조각),마라윙&봉 (10조각),마라윙&봉 (10조각)
닭튀김_마라윙&봉 (4조각),마라윙&봉 (4조각),마라윙&봉 (4조각)
닭튀김_매달구 치킨,매달구 치킨,매달구 치킨
닭튀김_매운 간장 치킨,매운 간장 치킨,매운 간장 치킨
닭튀김_매운 양념 치킨,매운 양념 치킨,매운 양념 치킨
닭튀김_매운양념 치킨,매운양념 치킨,매운양념 치킨
닭튀김_매운양념 치킨 반마리,매운양념 치킨 반마리,매운양념 치킨 반마리
닭튀김_맵소이닭 치킨,맵소이닭 치킨,맵소이닭 치킨
닭튀김_맵슐랭 치킨 오리지널,맵슐랭 치킨 오리지널,맵슐랭 치킨 오리지널
닭튀김_모두의마요 치킨,모두의마요 치킨,모두의마요 치킨
닭튀김_목,목닭튀김,목닭튀김
닭튀김_바삭갈릭 치킨,바삭갈릭 치킨,바삭갈릭 치킨
닭튀김_바삭담백한 후라이드 치킨,바삭담백한 후라이드 치킨,바삭담백한 후라이드 치킨
닭튀김_반반순살 치킨,반반순살 치킨,반반순살 치킨
닭튀김_반반오리지날 치킨,반반오리지날 치킨,반반오리지날 치킨
닭튀김_반반윙 치킨,반반윙 치킨,반반윙 치킨
닭튀김_반반콤보 치킨,반반콤보 치킨,반반콤보 치킨
닭튀김_버팔로 윙/봉 (10개),버팔로 윙/봉 (10개),버팔로 윙/봉 (10개)
닭튀김_버팔로 윙/봉 (2개),버팔로 윙/봉 (2개),버팔로 윙/봉 (2개)
닭튀김_버팔로 윙/봉 (4개),버팔로 윙/봉 (4개),버팔로 윙/봉 (4개)
닭튀김_버팔로스틱,버팔로스틱,버팔로스틱
닭튀김_버팔로윙,버팔로윙닭튀김,버팔로윙닭튀김
닭튀김_버팔로윙&봉 (10조각),버팔로윙&봉 (10조각),버팔로윙&봉 (10조각)
닭튀김_버팔로윙&봉 (4조각),버팔로윙&봉 (4조각),버팔로윙&봉 (4조각)
닭튀김_버팔로윙(10개),버팔로윙(10개),버팔로윙(10개)
닭튀김_버팔로윙(4개),버팔로윙(4개),버팔로윙(4개)
닭튀김_볼케이노 치킨,볼케이노 치킨,볼케이노 치킨
닭튀김_불금 치킨,불금 치킨,불금 치킨
닭튀김_불짬뽕 치킨,불짬뽕 치킨,불짬뽕 치킨
닭튀김_불패 치킨,불패 치킨,불패 치킨
닭튀김_블랙시크릿 순살 치킨,블랙시크릿 순살 치킨,블랙시크릿 순살 치킨
닭튀김_블랙시크릿 순살 치킨 (S),블랙시크릿 순살 치킨 (S),블랙시크릿 순살 치킨 (S)
닭튀김_블랙시크릿 오리지날 치킨,블랙시크릿 오리지날 치킨,블랙시크릿 오리지날 치킨
닭튀김_블랙시크릿 콤보 치킨,블랙시크릿 콤보 치킨,블랙시크릿 콤보 치킨
닭튀김_블랙시크릿 콤보 치킨 (S),블랙시크릿 콤보 치킨 (S),블랙시크릿 콤보 치킨 (S)
당뇨케어밀_SD22_토마토치즈대구필렛세트,당뇨케어밀(토마토치즈대구필렛세트),당뇨케어밀(토마토치즈대구필렛세트)
당적약단밤_조각밤,조각밤당적약단밤,조각밤당적약단밤
당적약단밤_홀밤,홀밤당적약단밤,홀밤당적약단밤
당적조각밤_국산,국산당적조각밤,국산당적조각밤
당적홀밤_국산,국산당적홀밤,국산당적홀밤
더 쇼콜라_보틀케이크,보틀케이크,보틀케이크
더블업초코케이크_잇츠원,잇츠원더블업초코케이크,잇츠원더블업초코케이크
더블초코케이크_1호,더블초코케이크(1호),더블초코케이크(1호)
더블초코케이크_M9,더블초코케이크,더블초코케이크
덮밥_낙지,낙지덮밥,낙지덮밥
덮밥_닭고기,닭고기덮밥,닭고기덮밥
덮밥_돼지고기(제육),돼지고기(제육),제육덮밥
덮밥_불고기,불고기덮밥,불고기덮밥
덮밥_오징어,오징어덮밥,오징어덮밥
도넛_링도넛,링도넛,링도넛
도넛_찹쌀,찹쌀도넛,찹쌀도넛
돈골추출농축액-CMJ_2,돈골추출농축액-CMJ,돈골추출농축액-CMJ
돌로미아_250ML,돌로미아,돌로미아
돼지고기볶음_김치,김치돼지고기볶음,김치돼지고기볶음
돼지고기볶음_채소,채소돼지고기볶음,채소돼지고기볶음
된장국_감자,감자된장국,감자된장국
된장국_냉이,냉이된장국,냉이된장국
된장국_미역,미역된장국,미역된장국
된장국_배추,배추된장국,배추된장국
된장국_시금치,시금치된장국,시금치된장국
된장국_시래기,시래기된장국,시래기된장국
된장국_쑥,쑥된장국,쑥된장국
된장국_아욱,아욱된장국,아욱된장국
된장국_얼갈이배추,얼갈이배추,얼갈이배추
된장국_우거지,우거지된장국,우거지된장국
된장국_콩나물,콩나물된장국,콩나물된장국
된장국_해물,해물된장국,해물된장국
된장국_호박,호박된장국,호박된장국
된장국_호박잎,호박잎된장국,호박잎된장국
된장찌개_냉이,냉이된장찌개,냉이된장찌개
된장찌개_달래,달래된장찌개,달래된장찌개
된장찌개_두부,두부된장찌개,두부된장찌개
된장찌개_바지락,바지락된장찌개,바지락된장찌개
두릅무침_초고추장,초고추장두릅무침,초고추장두릅무침
두부찌개_고추장,고추장두부찌개,고추장두부찌개
두부찌개_소고기_고추장,소고기고추장두부찌개,소고기고추장두부찌개
두부찌개_소고기_된장,소고기된장두부찌개,소고기된장두부찌개
두유_흰콩,흰콩두유,흰콩두유
드롭탑_바스크 치즈케이크,바스크 치즈케이크,바스크 치즈케이크
드롭탑_카스텔라 생지,카스텔라 생지,카스텔라 생지
디즈니 칩앤데일_딸기잼,디즈니 칩앤데일 딸기잼,디즈니 칩앤데일 딸기잼
디카오_V1,디카오,디카오
딸기생크림케이크_온브릭스,온브릭스딸기생크림케이크,온브릭스딸기생크림케이크
딸기쿠키_F,딸기쿠키,딸기쿠키
땅콩쿠키_F,땅콩쿠키,땅콩쿠키
떡볶이_채소,채소떡볶이,채소떡볶이
라면/봉지라면_매운맛,매운맛라면/봉지라면,라면/봉지라면(매운맛)
라면_달걀,달걀라면,달걀라면
라면_떡,떡라면,떡라면
라우레타나 탄산수_750ML,라우레타나 탄산수,라우레타나 탄산수
랏소_베리굿데이,베리굿데이,베리굿데이
랑그드샤_땅콩맛,땅콩맛랑그드샤,랑그드샤(땅콩맛)
러브 러브 초콜릿 4입_춘식이,러브 러브 초콜릿 4입 춘식이,러브 러브 초콜릿 4입 춘식이
럭키포니데이 당근케이크_춘식이,럭키포니데이 당근케이크 춘식이,럭키포니데이 당근케이크 춘식이
레인보우 베어스_R3098,레인보우 베어스,레인보우 베어스
레인보우_레드(수),레드(수),레인보우 레드
레인보우케이크_1호,레인보우케이크(1호),레인보우케이크(1호)
로즈 올 데이 베어스_R2030,로즈 올 데이 베어스,로즈 올 데이 베어스
리소토/리조또_베이컨크림리조또,베이컨크림리조또,베이컨크림리조또
리소토/리조또_스파이시 씨푸드 리조또,스파이시 씨푸드 리조또,스파이시 씨푸드 리조또
리소토/리조또_치킨 크림 리조또,치킨 크림 리조또,치킨 크림 리조또
리포_렉스ᵀᴹ,렉스ᵀᴹ스리포,리포 렉스ᵀᴹ
마늘쫑볶음_멸치,멸치마늘쫑볶음,멸치마늘쫑볶음
만두_고기만두,고기만두,고기만두
만두_군만두,군만두,군만두
만두_김치,김치만두,김치만두
만두_김치만두,김치만두,김치만두
만두_물만두,물만두,물만두
만두국_고기만두,고기만두만두국,고기만두만두국
만두국_사골,사골만두국,사골만두국
맑은한우배추국_냉동,맑은한우배추국(냉동),맑은한우배추국(냉동)
맘모스_보틀케이크,보틀케이크,보틀케이크
맘스비프패티_알파,알파맘스비프패티,맘스비프패티
맛있는 불닭철판 볶음밥_용기,맛있는 불닭철판 볶음밥 용기,맛있는 불닭철판 볶음밥(용기)
맛있는 새우 볶음밥_용기,맛있는 새우 볶음밥 용기,맛있는 새우 볶음밥(용기)
매실장아찌_우메보시(일본),우메보시(일본),매실장아찌(우메보시)
매운돈까스김밥_앱,앱매운돈까스김밥,매운돈까스김밥
매운탕_대구,대구매운탕,대구매운탕
매운탕_해물,해물매운탕,해물매운탕
매콤오징어볶음_GS,매콤오징어볶음,매콤오징어볶음
메리_베리_케이크,베리케이크메리,메리 베리 케이크
메밀국수_온면,온면메밀국수,온면 메밀국수
멸치볶음_견과류,견과류멸치볶음,견과류멸치볶음
멸치볶음_꽈리고추,꽈리고추멸치볶음,꽈리고추멸치볶음
멸치볶음_마늘쫑,마늘쫑멸치볶음,마늘쫑멸치볶음
멸치볶음_풋고추,풋고추멸치볶음,풋고추멸치볶음
멸치젓_양념,양념멸치젓,양념멸치젓
모루담은_단호박샐러드,단호박샐러드,단호박샐러드
모루담은_닭가슴살샐러드,닭가슴살샐러드,닭가슴살샐러드
모루담은_보리샐러드,보리샐러드,보리샐러드
모루담은_불고기샐러드,불고기샐러드,불고기샐러드
모짜렐라_핫도그,핫도그모짜렐라,모짜렐라 핫도그
무국_소고기,소고기무국,소고기무국
무국_홍합,홍합무국,홍합무국
무생채_굴,굴무생채,굴무생채
무지개슈가롤리_일본용,일본용무지개슈가롤리,무지개슈가롤리(일본용)
무트레이 조미김 BBQ맛(Korean Street_Korean BBQ Taste Seaweed Chips),무트레이 조미김 BBQ맛(Korean Street Korean BBQ Taste Seaweed Chips),
무트레이 조미김 김치맛(Korean Street_Kimchi Taste Seaweed Chips),무트레이 조미김 김치맛(Korean Street Kimchi Taste Seaweed Chips),
무트레이 조미김 오리지날(Korean Street_Original Seaweed Chips),무트레이 조미김 오리지날(Korean Street Original Seaweed Chips),
무트레이 조미김 와사비맛(Korean Street_Wasabi Seaweed Chips),무트레이 조미김 와사비맛(Korean Street Wasabi Seaweed Chips),
무화과초콜릿_다크,다크무화과초콜릿,
묵국_메밀묵,메밀묵묵국,메밀묵국
묵무침_도토리묵,도토리묵묵무침,도토리묵무침
문어볶음_고추장,고추장문어볶음,
물김치_돌나물,돌나물물김치,돌나물 물김치
물회_오징어,오징어물회,
미역국_대합,대합미역국,대합 미역국
미역국_새우,새우미역국,새우 미역국
미역국_소고기,소고기미역국,소고기 미역국
밀크티스프레드 가공연유_골드,밀크티스프레드 가공연유 골드,밀크티스프레드 가공연유(골드)
밀크티스프레드 가공연유_얼그레이,밀크티스프레드 가공연유 얼그레이,밀크티스프레드 가공연유(얼그레이)
바로밀S_랍스터진밥,랍스터진밥,
바로밀S_새우브로콜리진밥,새우브로콜리진밥,
바로밀_고구마사과아기밥,고구마사과아기밥,
바로밀_고구마양배추사과진밥,고구마양배추사과진밥,
바로밀_모듬야채사과죽,모듬야채사과죽,
바로밀_바나나단호박아기밥,바나나단호박아기밥,
바로밀_바나나단호박죽,바나나단호박죽,
바로밀_한우미역진밥,한우미역진밥,
바로밀_한우새송이아기밥,한우새송이아기밥,
바로밀_한우야채진밥,한우야채진밥,
바로밀_한우영양밤배아기밥,한우영양밤배아기밥,
바로밀_한우영양진밥,한우영양진밥,
바로밀_한우오트밀진밥,한우오트밀진밥,
바로밀_한우완두콩아기밥,한우완두콩아기밥,
바스크치즈케이크_EW,바스크치즈케이크,
반_Hey허쉬초코케익도넛,Hey허쉬초코케익도넛,
반_KK스타디움도넛,KK스타디움도넛,
반_가이드헤르피도넛,가이드헤르피도넛,
반_갈릭아몬드링도넛,갈릭아몬드링도넛,
반_고구마케이크도넛,고구마케이크도넛,
반_구텐탁밀카도넛,구텐탁밀카도넛,
반_군옥수수도넛,군옥수수도넛,
반_그리핀도르도넛,그리핀도르도넛,
반_깜짝놀란피카츄도넛,깜짝놀란피카츄도넛,
반_노래하는푸린도넛,노래하는푸린도넛,
반_단밤초코도넛,단밤초코도넛,
반_달리라굽도넛,달리라굽도넛,
반_당근홀릭도넛,당근홀릭도넛,
반_댄싱퐁구도넛,댄싱퐁구도넛,
반_두바이초코도넛,두바이초코도넛,
반_딥스윗러브도넛,딥스윗러브도넛,
반_딸기&초코도넛,딸기&초코도넛,
반_딸기우유젤리도넛,딸기우유젤리도넛,
반_딸기우유크림듬뿍도넛,딸기우유크림듬뿍도넛,
반_땅굴파는디그다도넛,땅굴파는디그다도넛,
반_라벤더고오스도넛,라벤더고오스도넛,
반_라즈베리요거트볼도넛,라즈베리요거트볼도넛,
반_라즈베리요거트필드도넛,라즈베리요거트필드도넛,
반_래번클로도넛,래번클로도넛,
반_럭키클로버도넛,럭키클로버도넛,
반_레인보우글레이즈링도넛,레인보우글레이즈링도넛,
반_로투스비스코프도넛,로투스비스코프도넛,
반_롯터팍러블리덕도넛,롯터팍러블리덕도넛,
반_롯터팍머메이드도넛,롯터팍머메이드도넛,
반_롯터팍스윗멜론도넛,롯터팍스윗멜론도넛,
반_리고피넛버터도넛,리고피넛버터도넛,
반_리얼딸기글레이즈드도넛,리얼딸기글레이즈드도넛,
반_리얼블루생크림케이크도넛,리얼블루생크림케이크도넛,
반_리치푸른뱀도넛,리치푸른뱀도넛,
반_리틀매지션루돌프도넛,리틀매지션루돌프도넛,
반_마늘빵아몬드도넛,마늘빵아몬드도넛,
반_마이볼도넛,마이볼도넛,
반_말차&초코도넛,말차&초코도넛,
반_망고생크림케이크도넛,망고생크림케이크도넛,
반_망고타는무지&콘도넛,망고타는무지&콘도넛,
반_매지션산타도넛,매지션산타도넛,
반_매직머플러스노우맨도넛,매직머플러스노우맨도넛,
반_메이트포핀도넛,메이트포핀도넛,
반_메이플링도넛,메이플링도넛,
반_메이플크런치도넛,메이플크런치도넛,
반_모카로투스크림도넛,모카로투스크림도넛,
반_모카케이크도넛,모카케이크도넛,
반_므메미무도넛,므메미무도넛,
반_밀키판다도넛,밀키판다도넛,
반_바나나&초코도넛,바나나&초코도넛,
반_바삭옥수수링도넛,바삭옥수수링도넛,
반_변신하는메타몽도넛,변신하는메타몽도넛,
반_복받아용도넛,복받아용도넛,
반_복받으란말도넛,복받으란말도넛,
반_복숭아쪽쪽어피치도넛,복숭아쪽쪽어피치도넛,
반_복주머니도넛,복주머니도넛,
반_본조르노로아커도넛,본조르노로아커도넛,
반_볼빨간춘식이도넛,볼빨간춘식이도넛,
반_봉쥬르토블론도넛,봉쥬르토블론도넛,
반_블루베리링도넛,블루베리링도넛,
반_사랑하란말도넛,사랑하란말도넛,
반_산타매직부츠도넛,산타매직부츠도넛,
반_산타벨리도넛,산타벨리도넛,
반_샤이닝샤크도넛,샤이닝샤크도넛,
반_소원빌어용도넛,소원빌어용도넛,
반_수박냠냠라이언도넛,수박냠냠라이언도넛,
반_수영하는고라파덕도넛,수영하는고라파덕도넛,
반_슈크림카스테라도넛,슈크림카스테라도넛,
반_스노우산타도넛,스노우산타도넛,
반_스노위스노우맨도넛,스노위스노우맨도넛,
반_스누피도넛,스누피도넛,
반_스위트망고도넛,스위트망고도넛,
반_스트라이크도넛,스트라이크도넛,
반_스트로베리밀크티하트도넛,스트로베리밀크티하트도넛,
반_스트로베리초코크런치도넛,스트로베리초코크런치도넛,
반_스트로베리크림하트도넛,스트로베리크림하트도넛,
반_스트로베리팝핑링도넛,스트로베리팝핑링도넛,
반_스트로베리피그도넛,스트로베리피그도넛,
반_슬리데린도넛,슬리데린도넛,
반_시나몬애플필드도넛,시나몬애플필드도넛,
반_시크릿블랙도넛,시크릿블랙도넛,
반_시크릿코랄핑크도넛,시크릿코랄핑크도넛,
반_시크릿화이트도넛,시크릿화이트도넛,
반_시트러스글레이즈링도넛,시트러스글레이즈링도넛,
반_아이스버킷도넛,아이스버킷도넛,
반_애플청크시나몬도넛,애플청크시나몬도넛,
반_우유크림듬뿍도넛,우유크림듬뿍도넛,
반_웰컴2025도넛,웰컴2025도넛,
반_웰컴골드베어도넛,웰컴골드베어도넛,
반_위시캔들도넛,위시캔들도넛,
반_이거완전레몬이잖앙도넛,이거완전레몬이잖앙도넛,
반_장경자의체리립도넛,장경자의체리립도넛,
반_찰리브라운오너먼트도넛,찰리브라운오너먼트도넛,
반_초코&딸기도넛,초코&딸기도넛,
반_초코&말차도넛,초코&말차도넛,
반_초코&바나나도넛,초코&바나나도넛,
반_초코멜로우도넛,초코멜로우도넛,
반_초코숲이브이도넛,초코숲이브이도넛,
반_초코우유크림듬뿍도넛,초코우유크림듬뿍도넛,
반_초코홀릭도넛,초코홀릭도넛,
반_초콜릿아이스드글레이즈드도넛,초콜릿아이스드글레이즈드도넛,
반_카라멜아이스드도넛,카라멜아이스드도넛,
반_쿠키앤처비도넛,쿠키앤처비도넛,
반_쿠키앤크림아몬드도넛,쿠키앤크림아몬드도넛,
반_쿠키크런치캣도넛,쿠키크런치캣도넛,
반_큐트핑크러브도넛,큐트핑크러브도넛,
반_크런치바나나도넛,크런치바나나도넛,
반_크런치피넛버터도넛,크런치피넛버터도넛,
반_크리스마스리스도넛,크리스마스리스도넛,
반_투머치파인애플도넛,투머치파인애플도넛,
반_트러플크림듬뿍도넛,트러플크림듬뿍도넛,
반_트루그린러브도넛,트루그린러브도넛,
반_트윈베어벌룬도넛,트윈베어벌룬도넛,
반_티라미수도넛,티라미수도넛,
반_티라미수케이크도넛,티라미수케이크도넛,
반_티라미수퍼피도넛,티라미수퍼피도넛,
반_팝핑피카츄도넛,팝핑피카츄도넛,
반_퍼플필드도넛,퍼플필드도넛,
반_퓨어화이트러브도넛,퓨어화이트러브도넛,
반_프리미엄스트로베리필드도넛,프리미엄스트로베리필드도넛,
반_플레이브도넛,플레이브도넛,
반_플레이퍼즈업도넛,플레이퍼즈업도넛,
반_플로팅터틀도넛,플로팅터틀도넛,
반_피넛버터도넛,피넛버터도넛,
반_하리보랜드마크도넛,하리보랜드마크도넛,
반_하리보매직쇼도넛,하리보매직쇼도넛,
반_하트뿅뿅라이언도넛,하트뿅뿅라이언도넛,
반_해피베리야돈도넛,해피베리야돈도넛,
반_해피썰매도넛,해피썰매도넛,
반_해피플레이브데이도넛,해피플레이브데이도넛,
반_허니버터도넛,허니버터도넛,
반_허니버터링도넛,허니버터링도넛,
반_헤이허쉬초코케이크도넛,헤이허쉬초코케이크도넛,
반_헬로기타드민트초코도넛,헬로기타드민트초코도넛,
반_홀리데이기프트도넛,홀리데이기프트도넛,
반_홀리유니콘도넛,홀리유니콘도넛,
반_후르트마뚜루도넛,후르트마뚜루도넛,
반_후플푸프도넛,후플푸프도넛,
반제품/생지_크로와상,크로와상반제품/생지,크로와상(생지)
발효종 비건_6곡,발효종 비건 6곡,비건 6곡
발효종 비건_고구마,발효종 비건 고구마,비건 고구마
발효종 비건_곡물,발효종 비건 곡물,비건 곡물
발효종 비건_곡물식빵,발효종 비건 곡물식빵,비건 곡물식빵
발효종 비건_대추,발효종 비건 대추,비건 대추
발효종 비건_무화과,발효종 비건 무화과,비건 무화과
발효종 비건_서리태,발효종 비건 서리태,비건 서리태
발효종 비건_청국장,발효종 비건 청국장,비건 청국장
발효종 비건_크랜베리호밀,크랜베리호밀,비건 크렌베리호밀
발효종 비건_클로렐라감태,클로렐라감태,비건 클로렐라감태
발효종 비건_호밀깜빠뉴,호밀깜빠뉴,비건 호밀깜빠뉴
발효종 비건_호밀식빵,발효종 비건 호밀식빵,비건 호밀식빵
발효종 비건_흑미,발효종 비건 흑미,비건 흑미
발효종 비건_흑임자,발효종 비건 흑임자,비건 흑임자
발효종_호밀치즈,호밀치즈발효종,호밀치즈
배추국_소고기,소고기배추국,
배추김치_백김치,백김치배추김치,
백설공주_애플&망고케이크,애플&망고케이크,
버블리 베어스 (스몰) _ R1660,버블리 베어스 (스몰),
버섯구이_새송이버섯,새송이버섯,새송이버섯 구이
버섯무침_느타리버섯,느타리버섯,느타리버섯 무침
버섯볶음_느타리,느타리버섯볶음,느타리버섯 볶음
버섯볶음_새송이버섯,새송이버섯,새송이버섯 볶음
버섯전_표고버섯,표고버섯버섯전,표고버섯전
버터 모찌빵 말차맛_실온,버터 모찌빵 말차맛(실온),
버터 모찌빵 초코맛_실온,버터 모찌빵 초코맛(실온),
버터 모찌빵 황치즈맛_실온,버터 모찌빵 황치즈맛(실온),
버터 모찌빵_실온,버터 모찌빵(실온),
벋 퍼스트 로즈 (스몰)_R2214,벋 퍼스트 로즈 (스몰),
베니블룸Ⅰ_보틀케이크,보틀케이크,베니블룸I 보틀케이크
베니블룸Ⅱ_보틀케이크,보틀케이크,베니블룸II 보틀케이크
베이비 버터플라이스_R1974,베이비 버터플라이스,
베트남 즉석 쌀국수 포포 _ 컵,베트남 즉석 쌀국수 포포 컵,베트남 즉석 쌀국수(컵)
별별춘식 포토 막대 사탕 마법사_레몬,별별춘식 포토 막대 사탕 마법사 레몬,별별춘식 포토 막대 사탕(마법사 레몬)
별별춘식 포토 막대 사탕 마스터_딸기,별별춘식 포토 막대 사탕 마스터 딸기,별별춘식 포토 막대 사탕(마스터 딸기)
별별춘식 포토 막대 사탕 외계인_풋사과,별별춘식 포토 막대 사탕 외계인 풋사과,별별춘식 포토 막대 사탕(외계인 풋사과)
복숭아케이크_H,복숭아케이크,
볶음/비빔라면_매운맛,매운맛볶음/비빔라면,비빔라면(매운맛)
볶음밥_갈비천왕 치즈 치밥,갈비천왕 치즈 치밥,
볶음밥_계란,계란볶음밥,
볶음밥_김치,김치볶음밥,
볶음밥_낙지볶음밥,낙지볶음밥,
볶음밥_달걀듬뿍 볶음밥,달걀듬뿍 볶음밥,
볶음밥_닭갈비 볶음밥,닭갈비 볶음밥,
볶음밥_목동햄볶음밥,목동햄볶음밥,
볶음밥_볼케이노 치즈 치밥,볼케이노 치즈 치밥,
볶음밥_불고기볶음밥,불고기볶음밥,
볶음밥_새우,새우볶음밥,
볶음밥_새우볶음밥,새우볶음밥,
볶음밥_소고기,소고기볶음밥,
볶음밥_의성마늘 볶음밥,의성마늘 볶음밥,
볶음밥_참치,참치볶음밥,
볶음밥_채소,채소볶음밥,
볶음밥_표고버섯,표고버섯볶음밥,
부추무침_양파,양파부추무침,
붉은대게다리살_농수,농수붉은대게다리살,붉은대게다리살(농수)
붉은대게다리살_대정,대정붉은대게다리살,붉은대게다리살(대정)
블랙춘 초코 크레이프 케이크_춘식이,블랙춘 초코 크레이프 케이크 춘식이,
블루베리무스케이크_1호,블루베리무스케이크(1호),
비빔밥_돌솥,돌솥비빔밥,
비빔밥_육회,육회비빔밥,
비스킷_참깨,참깨비스킷,
비트코인 모양 초콜릿_20g,비트코인 모양 초콜릿,
빌효종비건_서리태,서리태빌효종비건,서리태
쁘띠_레드&화이트케이크,레드&화이트케이크,
사태찜_소고기,소고기사태찜,
산적_돼지고기,돼지고기산적,
살구_보틀케이크,보틀케이크,살구 보틀케이크
삼각김밥_참치마요네즈,참치마요네즈,참치마요네즈 삼각김밥
삼겹살구이_고추장,고추장삼겹살구이,고추장 삼겹살 구이
삼겹살볶음_묵은지김치,묵은지김치,묵은지김치 삼겹살 볶음
새우젓_양념,양념새우젓,
새우튀김용_대,대새우튀김용,새우튀김용(대)
새우튀김용_중,중새우튀김용,새우튀김용(중)
샌드위치_닭가슴살,닭가슴살샌드위치,닭가슴살 샌드위치
샌드위치_모듬,모듬샌드위치,모둠 샌드위치
샌드위치_살라미에멘탈 샌드위치,살라미에멘탈 샌드위치,
샌드위치_샐러드빵,샐러드빵샌드위치,샐러드빵
샌드위치_생선,생선샌드위치,생선 샌드위치
샌드위치_소고기,소고기샌드위치,소고기 샌드위치
샌드위치_소불고기 깜빠뉴 샌드위치,소불고기 깜빠뉴 샌드위치,
샌드위치_소시지,소시지샌드위치,소시지 샌드위치
샌드위치_소프트 잠봉뵈르 샌드위치,소프트 잠봉뵈르 샌드위치,
샌드위치_쉬림프아삭패스트리,쉬림프아삭패스트리,
샌드위치_쉬림프에그마요샌드위치,쉬림프에그마요샌드위치,쉬림프에그마요 샌드위치
샌드위치_스크램블에그 샌드위치,스크램블에그 샌드위치,
샌드위치_스파이시치킨샐러드랩,스파이시치킨샐러드랩,
샌드위치_스피니치불고기 샌드위치,스피니치불고기 샌드위치,
샌드위치_식물성대체육옴미니트샐러드랩,식물성대체육옴미니트샐러드랩,식물성대체육 옴미니트샐러드랩
샌드위치_에그 베이컨 과카몰리 샌드위치,에그 베이컨 과카몰리 샌드위치,
샌드위치_에그 사라다빵,에그 사라다빵,
샌드위치_에그&올리브 베이글 샌드위치,에그&올리브 베이글 샌드위치,
샌드위치_에그듬뿍모닝 샌드위치,에그듬뿍모닝 샌드위치,
샌드위치_에그마요 반미 샌드위치,에그마요 반미 샌드위치,
샌드위치_에그마요 샌드위치,에그마요 샌드위치,
샌드위치_에그마요 소금빵,에그마요 소금빵,
샌드위치_에그멜팅 불고기 파니니,에그멜팅 불고기 파니니,
샌드위치_에그쉬림프 샌드위치,에그쉬림프 샌드위치,
샌드위치_에그쏙 텐더샌드위치,에그쏙 텐더샌드위치,
샌드위치_에그쏙텐더 샌드위치,에그쏙텐더 샌드위치,
샌드위치_에그튜나 샌드위치,에그튜나 샌드위치,
샌드위치_이탈리안 클래식 파니니,이탈리안 클래식 파니니,
샌드위치_잉글리쉬 머핀,잉글리쉬 머핀,
샌드위치_잉글리쉬 머핀 샌드위치,잉글리쉬 머핀 샌드위치,
샌드위치_잉글리쉬머핀 샌드위치,잉글리쉬머핀 샌드위치,
샌드위치_잠봉 멀티그레인 파니니,잠봉 멀티그레인 파니니,
샌드위치_잠봉뵈르 샌드위치,잠봉뵈르 샌드위치,
샌드위치_잠봉뵈르소금버터롤,잠봉뵈르소금버터롤,
샌드위치_제주 흑돼지 아보카도 샌드위치,제주 흑돼지 아보카도 샌드위치,
샌드위치_제주당근에그마요 샌드위치,제주당근에그마요 샌드위치,
샌드위치_차지키레드치킨샌드,차지키레드치킨샌드,
샌드위치_참치,참치샌드위치,
샌드위치_참치클럽 샌드위치,참치클럽 샌드위치,
샌드위치_채소,채소샌드위치,
샌드위치_추억의야채사라다빵,추억의야채사라다빵,
샌드위치_치즈 에그 브리오슈,치즈 에그 브리오슈,
샌드위치_치즈 파니니,치즈 파니니,
샌드위치_치즈어니언치킨샌드위치,치즈어니언치킨샌드위치,
샌드위치_치킨 베이컨 멀티그레인 샌드위치,치킨 베이컨 멀티그레인 샌드위치,
샌드위치_치킨 샐러드 통밀 샌드위치,치킨 샐러드 통밀 샌드위치,
샌드위치_치킨 치폴레 포카챠 샌드위치,치킨 치폴레 포카챠 샌드위치,
샌드위치_치킨 클럽,치킨 클럽,
샌드위치_치킨&아보카도샌드위치,치킨&아보카도샌드위치,
샌드위치_치킨브레스트 곡물 샌드위치,치킨브레스트 곡물 샌드위치,
샌드위치_치킨페스토곡물샌드위치,치킨페스토곡물샌드위치,
샌드위치_칠리소시지바게트 샌드위치,칠리소시지바게트 샌드위치,
샌드위치_카야치즈토스트,카야치즈토스트,
샌드위치_카야크림 리터샌드,카야크림 리터샌드,
샌드위치_카야토스트,카야토스트,
샌드위치_콘 치즈 샌드위치,콘 치즈 샌드위치,
샌드위치_콘참치샌드,콘참치샌드,
샌드위치_콤비네이션 샌드위치,콤비네이션 샌드위치,
샌드위치_콰트로치즈 파니니,콰트로치즈 파니니,
샌드위치_쿠키 & 크림 샌디,쿠키 & 크림 샌디,
샌드위치_크랜베리 치킨 샌드위치,크랜베리 치킨 샌드위치,
샌드위치_크랜베리 치킨 치즈 샌드위치,크랜베리 치킨 치즈 샌드위치,
샌드위치_크랜베리치킨 베이글 샌드위치,크랜베리치킨 베이글 샌드위치,
샌드위치_크랜베리치킨 샌드위치,크랜베리치킨 샌드위치,
샌드위치_크랜베리치킨베이글샌드위치,크랜베리치킨베이글샌드위치,
샌드위치_크랜베리치킨샌드위치,크랜베리치킨샌드위치,
샌드위치_크랜베리치킨패스트리,크랜베리치킨패스트리,
샌드위치_크로크 무슈,크로크 무슈,
샌드위치_크로크무슈,크로크무슈,
샌드위치_크리미크랩샌드위치,크리미크랩샌드위치,
샌드위치_클래식루벤 샌드위치,클래식루벤 샌드위치,
샌드위치_클래식잠봉뵈르,클래식잠봉뵈르,
샌드위치_토마토모짜렐라 샌드위치,토마토모짜렐라 샌드위치,
샌드위치_토마토아이올리 샌드위치,토마토아이올리 샌드위치,
샌드위치_통밀크랜베리치킨샌드위치,통밀크랜베리치킨샌드위치,
샌드위치_통밀튜나 샌드위치,통밀튜나 샌드위치,
샌드위치_통밀튜나샌드위치,통밀튜나샌드위치,
샌드위치_통밀후레쉬 샌드위치,통밀후레쉬 샌드위치,
샌드위치_통밀후레쉬 샌드위치 (H),통밀후레쉬 샌드위치 (H),
샌드위치_통밀후레쉬샌드위치,통밀후레쉬샌드위치,
샌드위치_트리플 치즈 포카치아,트리플 치즈 포카치아,
샌드위치_트리플머쉬룸치즈 파니니,트리플머쉬룸치즈 파니니,
샌드위치_티라미수 샌디,티라미수 샌디,
샌드위치_페스토 햄 모짜렐라 샌드위치,페스토 햄 모짜렐라 샌드위치,
샌드위치_페스토 햄 파니니,페스토 햄 파니니,
샌드위치_페스토햄치즈 파니니,페스토햄치즈 파니니,
샌드위치_페퍼로니 머쉬룸 깜빠뉴,페퍼로니 머쉬룸 깜빠뉴,
샌드위치_페퍼로니 샌드위치,페퍼로니 샌드위치,
샌드위치_페퍼로니 파니니,페퍼로니 파니니,
샌드위치_페퍼로니 피자 샌드위치,페퍼로니 피자 샌드위치,
샌드위치_페퍼로니포카치아,페퍼로니포카치아,
샌드위치_포테이토 사라다빵,포테이토 사라다빵,
샌드위치_프로방스 바질 치킨 파니니,프로방스 바질 치킨 파니니,
샌드위치_프룻티아 오 샌드 스트로베리,프룻티아 오 샌드 스트로베리,
샌드위치_플랜트 햄&루꼴라 샌드위치,플랜트 햄&루꼴라 샌드위치,
샌드위치_피크닉튜나 샌드위치,피크닉튜나 샌드위치,
샌드위치_필리 스테이크 바게트 파니니,필리 스테이크 바게트 파니니,
샌드위치_필리스테이크바게트 파니니,필리스테이크바게트 파니니,
샌드위치_할라피뇨 시저 치킨 파니니,할라피뇨 시저 치킨 파니니,
샌드위치_할라피뇨 치킨 샌드위치,할라피뇨 치킨 샌드위치,
샌드위치_할라피뇨스테이크바게트 샌드위치,할라피뇨스테이크바게트 샌드위치,
샌드위치_함박미니버거샌드위치,함박미니버거샌드위치,
샌드위치_핫치킨 바게트샌드,핫치킨 바게트샌드,
샌드위치_핫치킨 파니니,핫치킨 파니니,
샌드위치_햄 에그 번 샌드위치,햄 에그 번 샌드위치,
샌드위치_햄 에그 크라상 샌드위치,햄 에그 크라상 샌드위치,
샌드위치_햄 치즈 크라상 샌드위치,햄 치즈 크라상 샌드위치,
샌드위치_햄&루꼴라 올리브 샌드위치,햄&루꼴라 올리브 샌드위치,
샌드위치_햄&에그 로메인 샌드위치,햄&에그 로메인 샌드위치,
샌드위치_햄&에그 반미 샌드위치,햄&에그 반미 샌드위치,
샌드위치_햄&치즈 프레시 샌드위치,햄&치즈 프레시 샌드위치,
샌드위치_햄&치즈라우겐샌드위치,햄&치즈라우겐샌드위치,
샌드위치_햄&포테이토샐러드샌드위치,햄&포테이토샐러드샌드위치,
샌드위치_햄_달걀,햄달걀샌드위치,
샌드위치_햄_치즈,햄치즈샌드위치,
샌드위치_햄_치즈_채소,햄치즈채소샌드위치,
샌드위치_햄앤치즈 샌드위치,햄앤치즈 샌드위치,
샌드위치_햄앤치즈샌드,햄앤치즈샌드,
샌드위치_햄에그 치아바타,햄에그 치아바타,
샌드위치_햄에그 파니니,햄에그 파니니,
샌드위치_햄치즈 리터샌드,햄치즈 리터샌드,
샌드위치_햄치즈 멀티그레인 파니니,햄치즈 멀티그레인 파니니,
샌드위치_햄치즈 샌드위치,햄치즈 샌드위치,
샌드위치_햄치즈 잉글리쉬머핀,햄치즈 잉글리쉬머핀,
샌드위치_햄치즈 잉글리쉬머핀 샌드위치,햄치즈 잉글리쉬머핀 샌드위치,
샌드위치_햄치즈에그샌드위치,햄치즈에그샌드위치,
샌드위치_햄치즈잉글리시 머핀,햄치즈잉글리시 머핀,
샌드위치_햄치즈잉글리시머핀 샌드위치,햄치즈잉글리시머핀 샌드위치,
샌드위치_햄치즈토마토치아바타,햄치즈토마토치아바타,
샌드위치_햄치토 크로와상 샌드위치,햄치토 크로와상 샌드위치,
샌드위치_훈제베이컨에그 반미 샌드위치,훈제베이컨에그 반미 샌드위치,
샐러드_간편조리세트_콥샐러드&시저드레싱,콥샐러드&시저드레싱(간편조리세트),
샐러드_감자,감자샐러드,감자 샐러드
샐러드_고구마,고구마샐러드,고구마 샐러드
샐러드_과일리코타 샐러드,과일리코타 샐러드,
샐러드_과카몰리치킨 샐러드,과카몰리치킨 샐러드,
샐러드_그릴드 치킨 샐러드,그릴드 치킨 샐러드,
샐러드_그릴드치킨 샐러드,그릴드치킨 샐러드,
샐러드_그릴드치킨 시저 샐러드,그릴드치킨 시저 샐러드,
샐러드_그릴치킨오렌지샐러드,그릴치킨오렌지샐러드,
샐러드_단호박,단호박샐러드,단호박 샐러드
샐러드_단호박+고구마샐러드 (160g),단호박+고구마샐러드 (160g),
샐러드_단호박+고구마샐러드 (310g),단호박+고구마샐러드 (310g),
샐러드_단호박리코타과일샐러드,단호박리코타과일샐러드,
샐러드_닭가슴살,닭가슴살샐러드,닭가슴살 샐러드
샐러드_두부포케 샐러드,두부포케 샐러드,
샐러드_루꼴라샐러드,루꼴라샐러드,루꼴라 샐러드
샐러드_리코타그릴치킨샐러드,리코타그릴치킨샐러드,
샐러드_리코타그릴치킨샐러드(R),리코타그릴치킨샐러드(R),
샐러드_리코타그릴치킨샐러드(S),리코타그릴치킨샐러드(S),
샐러드_마카로니,마카로니샐러드,마카로니 샐러드
샐러드_맥앤치즈 핫도그 샐러드 박스,맥앤치즈 핫도그 샐러드 박스,
샐러드_머쉬룸불고기샐러드,머쉬룸불고기샐러드,
샐러드_멕시칸치킨 샐러드,멕시칸치킨 샐러드,
샐러드_모짜렐라루꼴라샐러드,모짜렐라루꼴라샐러드,
샐러드_베이컨크랜베리치킨샐러드,베이컨크랜베리치킨샐러드,
샐러드_불고기분짜누들샐러드,불고기분짜누들샐러드,
샐러드_새싹,새싹샐러드,
샐러드_샐러드,샐러드,
샐러드_쉬림프에그 샐러드,쉬림프에그 샐러드,
샐러드_쉬림프에그샐러드(S),쉬림프에그샐러드(S),
샐러드_스파이시쉬림프 샐러드,스파이시쉬림프 샐러드,
샐러드_시저치킨 샐러드,시저치킨 샐러드,
샐러드_썸머타코치킨샐러드,썸머타코치킨샐러드,
샐러드_양배추,양배추샐러드,
샐러드_양배추_코올슬로,양배추코올슬로샐러드,
샐러드_양상추,양상추샐러드,
샐러드_오렌지 그릴치킨 샐러드,오렌지 그릴치킨 샐러드,
샐러드_옥수수,옥수수샐러드,
샐러드_참치,참치샐러드,
샐러드_채소,채소샐러드,
샐러드_치킨콥 샐러드,치킨콥 샐러드,
샐러드_치킨텐더 샐러드,치킨텐더 샐러드,
샐러드_치킨텐더루꼴라샐러드,치킨텐더루꼴라샐러드,
샐러드_코울슬로,코울슬로샐러드,
샐러드_콘샐러드,콘샐러드,
샐러드_콥볼샐러드(R),콥볼샐러드(R),
샐러드_콥볼샐러드(S),콥볼샐러드(S),
샐러드_콥샐러드,콥샐러드,
샐러드_토마토치킨샐러드,토마토치킨샐러드,
샐러드_토마토칠리 핫도그 샐러드 박스,토마토칠리 핫도그 샐러드 박스,
샐러드_트리플 치즈 샐러드,트리플 치즈 샐러드,
샐러드_포테이토&튜나 샐러드,포테이토&튜나 샐러드,
샐러드_포테이토&튜나샐러드,포테이토&튜나샐러드,
샐러드_프레시리코타치즈 샐러드,프레시리코타치즈 샐러드,
생강차_대추 생강차 아이스(ICED),대추 생강차 아이스(ICED),
생강차_대추 생강차 핫(HOT),대추 생강차 핫(HOT),
생강차_레몬 생강차 아이스(ICED),레몬 생강차 아이스(ICED),
생강차_레몬 생강차 핫(HOT),레몬 생강차 핫(HOT),
생강차_생강차,생강차,
생강차_생강차 아이스(ICED),생강차 아이스(ICED),
생강차_생강차 핫(HOT),생강차 핫(HOT),
생강차_유자 생강차,유자 생강차,
생강차_전통 수정과 아이스(ICED),전통 수정과 아이스(ICED),
생강차_전통 수정과 핫(HOT),전통 수정과 핫(HOT),
생강차_진저티 아이스(ICED),진저티 아이스(ICED),
생강차_진저티 핫(HOT),진저티 핫(HOT),
생강차_홍시 동동 수정과 아이스(ICED) (EX),홍시 동동 수정과 아이스(ICED) (EX),
생강차_홍시 동동 수정과 아이스(ICED) (R),홍시 동동 수정과 아이스(ICED) (R),
생강차_홍시 동동 수정과 핫(HOT) (EX),홍시 동동 수정과 핫(HOT) (EX),
생강차_홍시 동동 수정과 핫(HOT) (R),홍시 동동 수정과 핫(HOT) (R),
생선까스_소스,소스생선까스,생선까스 소스
생선전_가자미,가자미생선전,가자미전
생선전_동태,동태생선전,동태전
샤베트_메론코코샤베트,메론코코샤베트,
샤베트_블루파인 샤베트,블루파인 샤베트,
샤베트_와인 샤베트,와인 샤베트,
샤브샤브_간편조리세트_소고기 샤브샤브,소고기 샤브샤브(간편조리세트),
샤브샤브_간편조리세트_소고기스키야키,소고기스키야키(간편조리세트),소고기 스키야키(간편조리세트)
샤브샤브_간편조리세트_일호식 스키야키,일호식 스키야키(간편조리세트),
샤브샤브_버섯,버섯샤브샤브,버섯 샤브샤브
샤브샤브_소고기,소고기샤브샤브,소고기 샤브샤브
샤인머스켓생크림케이크_온브릭스,온브릭스샤인머스켓생크림케이크,샤인머스켓 생크림케이크
선물세트 달보드레_하나,하나(선물세트 달보드레),
선지해장국_내장,내장선지해장국,선지해장국
선짓국_내장,내장선짓국,선짓국
소고기무국_냉동,소고기무국(냉동),
소고기볶음_고추장,고추장소고기볶음,
소고기볶음_버섯,버섯소고기볶음,
소고기볶음_채소,채소소고기볶음,
소블링 골드 에스프레소_블루드래곤,블루드래곤,소블링 골드 에스프레소(블루드래곤)
소블링커피 바닐라빈 시럽_슈거,소블링커피 바닐라빈 시럽 슈거,소블링커피 바닐라빈 시럽
송편_깨,깨송편,
수육_소고기,소고기수육,소고기 수육
순두부찌개_김치,김치순두부찌개,
스테이크_소등심,소등심스테이크,
스테이크_소안심,소안심스테이크,
스파게티_미트볼,미트볼스파게티,
스프_양송이버섯,양송이버섯,양송이버섯 스프
어묵볶음_채소,채소어묵볶음,
열무나물_된장,된장열무나물,
오므라이스_수플레 오믈렛 라이스,수플레 오믈렛 라이스,
오이무침_부추,부추오이무침,
오징어무침_채소,채소오징어무침,
오징어젓_양념,양념오징어젓,
옥수수_찐옥수수,찐옥수수,
완자전_돼지고기,돼지고기완자전,
완자전_소고기,소고기완자전,
완자전_참치,참치완자전,
완자전_해물,해물완자전,
우동_일식,일식우동,
육개장_닭고기,닭고기육개장,
잔멸치볶음_견과류,견과류잔멸치볶음,
잔멸치볶음_꽈리고추,꽈리고추잔멸치볶음,
잔멸치볶음_풋고추,풋고추잔멸치볶음,
잔멸치볶음_홍고추_풋고추,홍고추풋고추잔멸치볶음,
잡채_어묵,어묵잡채,
잡채_콩나물,콩나물잡채,
장어구이_고추장,고추장장어구이,
장조림_달걀,달걀장조림,
장조림_메추리알,메추리알장조림,
장조림_소고기,소고기장조림,
장조림_소고기_메추리알,소고기메추리알장조림,
절편_쑥,쑥절편,
조개구이_키조개,키조개조개구이,키조개구이
주먹밥_까르보나라 구운주먹밥,까르보나라 구운주먹밥,
주먹밥_매콤 로제 구운주먹밥,매콤 로제 구운주먹밥,
주먹밥_소고기,소고기주먹밥,
죽순볶음_소고기,소고기죽순볶음,
참치구이_머리,머리참치구이,참치구이(머리)
찹쌀떡_팥,팥찹쌀떡,찹쌀떡
초밥_모듬,모듬초밥,
초밥_유부초밥,유부초밥,
취나물_된장,된장취나물,
취나물_취나물(마른것),취나물(마른것),
칼국수_바지락,바지락칼국수,
케이크_롤케이크,롤케이크,
케이크_생크림케이크,생크림케이크,
콩나물무침_고춧가루,고춧가루콩나물무침,콩나물무침(고춧가루)
콩나물찜_해물,해물콩나물찜,
콩밥_검정콩,검정콩콩밥,검정콩밥
콩밥_완두콩,완두콩콩밥,완두콩밥
탕수육_새우,새우탕수육,
파이/만주_사과파이,사과파이파이/만주,
파전_해물,해물파전,
풋고추된장무침_풋고추,풋고추풋고추된장무침,
피자_치즈킹치즈크러스트 (L),치즈킹치즈크러스트 (L),
피자_치즈킹치즈크러스트 골드 (L),치즈킹치즈크러스트 골드 (L),
피자_치즈팡 팬 (L),치즈팡 팬 (L),
피자_치즈팡 피자 라이스골드 (F),치즈팡 피자 라이스골드 (F),
피자_치즈팡 피자 라이스골드 (L),치즈팡 피자 라이스골드 (L),
피자_치즈팡 피자 라이스골드 (R),치즈팡 피자 라이스골드 (R),
피자_치킨인볼케이노 피자 (M),치킨인볼케이노 피자 (M),
피자_치킨퀘사디아 피자,치킨퀘사디아 피자,
피자_콤비네이션피자,콤비네이션피자,
해장국_뼈다귀,뼈다귀해장국,
해장국_선지,선지해장국,
햄버거_불고기버거,불고기버거,
햄볶음_채소,채소햄볶음,
호떡_견과류,견과류호떡,
호박찌개_고추장,고추장호박찌개,
회덮밥_모듬,모듬회덮밥,
회무침_가오리,가오리회무침,
